Clinic,Street Address,Suite,Zip Code,County,State,Phone,Website,NHSC Certified,PCPCH Recognized,Clinic Type,Location 1
Adventist Health Fishers Landing,417 SE 164th Ave,Suite 300,98684,Clark,Washington,360-896-6944,https://www.adventisthealth.org/Pages/OHAM/OrgUnitDetails.aspx?OrganizationalUnitId=1879,,Yes,,
Adventist Health Hoodland Family Medicine ,24461 E Welches Rd,,97067,Clackamas,Oregon,503-622-3126,https://www.adventisthealth.org/nw/Pages/OHAM/OrgUnitDetails.aspx?OrganizationalUnitId=3056,,Yes,,
Adventist Health Resilience Center,10000 SE Main St,Suite 236,97216,Multnomah,Oregon,503-261-6625,https://www.adventisthealth.org/nw/Pages/OHAM/OrgUnitDetails.aspx?OrganizationalUnitId=3482,,Yes,,
Adventist Health Tillamook Medical Group,1000 Third Street,,97141,Tillamook,Oregon,503-842-5546,http://www.tillamookregionalmc.org/location/specialty-clinic,No,Yes,RHC,"1000 Third Street
Tillamook, OR 97141
(45.45634636400007, -123.85500914099998)"
Adventist Health Tillamook Medical Group Bay Ocean,1011 Third St,,97141,Tillamook,Oregon,503-815-2100,http://www.tillamookregionalmc.org/location/womens-and-family-health,No,Yes,RHC,"1011 Third St
Tillamook, OR 97141
(45.45629220700005, -123.85413916899995)"
Adventist Health Tillamook Medical Group - Manzanita,10445 Neahkahnie Creek Rd,,97130,Tillamook,Oregon,503-368-6244,http://www.tillamookregionalmc.org/location/manzanita-urgent-primary-and-specialty-care,No,Yes,RHC,"10445 Neahkahnie Creek Rd
Manzanita, OR 97130
(45.716828907000036, -123.93589963299996)"
Adventist Medical Center,10123 SE Market,,97216,Multnomah,Oregon,503-257-2300,http://www.adventisthealthnw.com/,No,No,Hospital,"10123 SE Market
Portland, OR 97216
(45.51154642500006, -122.55906313399998)"
Albina Head Start,3417 NE 7th Ave,,97212,Multnomah,Oregon,503-282-1975 ,http://www.albinahs.org,No,No,FQHC,"3417 NE 7th Ave
Portland, OR 97212
(45.548079520000044, -122.65865830799999)"
Alsea Rural Health Care,435 E Alder St,,97324,Benton,Oregon,541-487-7116,http://alseaclinic.org/,Yes,No,FQHC,"435 E Alder St
Alsea, OR 97324
(44.38262827600005, -123.59403228999997)"
Asante Physician Partners Family Medicine Ashland,628 N. Main St,,97520,Jackson,Oregon,541-201-4930,http://www.asante.org/Locations/location-detail/?id=1047,,Yes,,
Asante Physician Partners Family Medicine State Street,2859 State St,Suite 101,97540,Jackson,Oregon,541-282-6505,http://www.asante.org/Locations/location-detail/?id=1073,,Yes,,
Asante Physician Partners Family Medicine Talent,49 Talent Ave,,97540,Jackson,Oregon,541-201-4900,http://www.asante.org/Locations/location-detail/?id=1345,,Yes,,
Asante Physician Partners Internal Medicine Ashland,560 Catalina Dr,,97520,Jackson,Oregon,541-201-4800,https://www.asante.org/asante-physician-partners/,,Yes,,
Asante Rogue Regional Medical Center Hospital,2825 Barnett Road,,97504,Jackson,Oregon,541-789-7000,http://www.asante.org/Locations/location-detail/?id=1018,No,No,Hospital,"2825 Barnett Road
Medford, OR 97504
(42.316497103000074, -122.83050961799995)"
Asante Three Rivers Medical Center,500 SW Ramsey Avenue,,97527,Josephine,Oregon,541-472-7000,http://www.asante.org/Locations/location-detail/?id=1022&searchId=00781d12-7a03-e311-bd4d-001cc4150de6&sort=7&page=2&pageSize=10,No,No,Hospital,"500 SW Ramsey Avenue
Grants Pass, OR 97527
(42.42144852400003, -123.33958402699994)"
Asher CHC - Mitchell School K-12,340 SE High St,,97750,Wheeler,Oregon,541-462-3313,http://www.asherhealth.info/,Yes,No,FQHC/SBHC,"340 SE High St
Mitchell, OR 97750
(44.56528222800006, -120.14714601699995)"
Asher Community Health Clinic - Fossil,712 Jay St,,97830,Wheeler,Oregon,541-763-2725,http://www.asherhealth.info/,Yes,No,FQHC,"712 Jay St
Fossil, OR 97830
(44.99835121600006, -120.21240088799999)"
Asher Community Health Clinic - Spray,106 2nd St,,97874,Wheeler,Oregon,541-468-2211,http://www.asherhealth.info/,Yes,No,FQHC,"106 2nd St
Spray, OR 97874
(44.828209892000075, -119.79174773599999)"
Ashland Clinic - Community Health Center,99 Central Ave,,97520,Jackson,Oregon,541-482-9741,http://www.communityhealthcenter.org/,Yes,Yes,FQHC,"99 Central Ave
Ashland, OR 97520
(42.20010627000005, -122.71500027999997)"
Ashland Community Hospital,280 Maple Street,,97520,Jackson,Oregon,541-789-7000,http://www.asante.org/about-us/our-hospitals/ashland/,No,No,Hospital,"280 Maple Street
Ashland, OR 97520
(42.20644151500005, -122.72475780199994)"
Ashland HS,201 S Mountain Ave,,97520,Jackson,Oregon,541-482-8771,http://communityhealthcenter.org,No,Yes,FQHC/SBHC,"201 S Mountain Ave
Ashland, OR 97520
(42.19076933000008, -122.69928661299997)"
Aurora Family Health and Maternity Care Services,21018 NE Hwy 99E,,97002,Marion,Oregon,503-678-6269,http://www.aurorafamilymedicine.com/,No,No,RHC,"21018 NE Hwy 99E
Aurora, OR 97002
(45.223765194000066, -122.75847587299995)"
Baker Clinic,3175 Pocahontas Rd,,97814,Baker,Oregon,541-523-4415,http://www.bakerclinic.net/,No,No,RHC,"3175 Pocahontas Rd
Baker City, OR 97814
(44.79613151900003, -117.84517041199996)"
Baker HS,2500 E St,,97814,Baker,Oregon,541-524-2646,http://www.bakercounty.org/health/sbhc.html,No,No,SBHC,"2500 E St
Baker City, OR 97814
(44.786256464000076, -117.83773934599998)"
Bandon Community Health Center,780 2nd Street SE,Suite 7,97411,Coos,Oregon,541-347-2529,http://www.bandonchc.org,Yes,No,RHC,"780 2nd Street SE
Bandon, OR 97411
(43.11905216900004, -124.40562931099998)"
Bay Area Hospital,1775 Thompson Road,,97420,Coos,Oregon,541-269-8111,http://www.bayareahospital.org/,No,No,Hospital,"1775 Thompson Road
Coos Bay, OR 97420
(43.38582902100006, -124.23315775799995)"
Bayshore Family Medicine,38505 Brooten Rd,,97135,Tillamook,Oregon,503-965-6555,http://www.tillamookregionalmc.org/location/bayshore-medical-pacific-city,Yes,Yes,RHC,"38505 Brooten Rd
Pacific City, OR 97135
(45.20759860800007, -123.96426817399998)"
Bayshore Family Medicine-Lincoln City,1105 SE Jetty Ave,Suite C,97367,Lincoln,Oregon,541-614-0482,http://www.tillamookregionalmc.org/location/bayshore-medical-lincoln-city,Yes,Yes,RHC,"1105 SE Jetty Ave
Lincoln City, OR 97367
(44.95945479100004, -124.01268162399998)"
Beavercreek Clinic,1425 Beavercreek Rd,,97045,Clackamas,Oregon,503-655-8471,http://www.clackamas.us/healthcenters/beavercreek.html,Yes,Yes,FQHC,"1425 Beavercreek Rd
Oregon City, OR 97045
(45.33390924300005, -122.58830657099998)"
Benton Health Center,530 NW 27th St ,,97330,Benton,Oregon,541-766-6835,http://www.co.benton.or.us/health/behavioral_health/adult.php,No,No,FQHC,"530 NW 27th St
Corvallis, OR 97330
(44.57306711900003, -123.28119466199996)"
Blue Mountain Hospital,170 Ford Road,,97845,Grant,Oregon,541-575-1311,http://www.bluemountainhospital.org/getpage.php?name=index,No,No,Hospital,"170 Ford Road
John Day, OR 97845
(44.417510005000054, -118.95826110899998)"
Brookings Harbor HS,625 Pioneer Rd,,97415,Curry,Oregon,541-469-4626,http://www.brookings.k12.or.us/,No,No,SBHC,"625 Pioneer Rd
Brookings, OR 97415
(42.05751139500006, -124.27961692399998)"
Brookside Clinic,1680 Chambers Street,Suite 103,97402,Lane,Oregon,541-682-3550,,,Yes,,
Butte Falls Charter School,722 Laurel Ave,,97522,Jackson,Oregon,541-842-7799,http://communityhealthcenter.org,No,Yes,FQHC/SBHC,"722 Laurel Ave
Butte Falls, OR 97522
(42.54118995500005, -122.56458805699998)"
Butte Falls Clinic -Community Health Center,722 Laurel Ave,,97522,Jackson,Oregon,541-842-7799,http://www.communityhealthcenter.org/Page.asp?NavID=77,No,No,FQHC,"722 Laurel Ave
Butte Falls, OR 97522
(42.54118995500005, -122.56458805699998)"
Calcagno Pediatrics,24850 SE Stark,Suite 150,97030,Multnomah,Oregon,503-491-0714,http://calcagnopediatrics.com/,,Yes,,
Canby Health Care Clinic LLC,703 SE 1st Ave,,97013,Clackamas,Oregon,503-266-7686,http://www.canbyhealthcareclinic.com/Canby_HealthCare_Center/Home_Page.html,Yes,No,RHC,"703 SE 1st Ave
Canby, OR 97013
(45.26471403700003, -122.68572245999997)"
Canby HS,721 SW 4th Ave,,97013,Clackamas,Oregon,503-263-7219,http://blogs.canby.k12.or.us/sbhc,No,No,FQHC/SBHC,"721 SW 4th Ave
Canby, OR 97013
(45.257952243000034, -122.69713414999995)"
Cares Northwest,2800 N Vancouver Ave,Suite 201,97227,Multnomah,Oregon,503-276-9000 ,http://www.caresnw.org,No,No,FQHC,"2800 N Vancouver Ave
Portland, OR 97227
(45.543228413000065, -122.66810010599994)"
Cascade MS,1525 Echo Hollow Rd,,97402,Lane,Oregon,541-607-1430,http://blogs.bethel.k12.or.us/bshc/,No,Yes,SBHC,"1525 Echo Hollow Rd
Eugene, OR 97402
(44.078560707000065, -123.16807056699997)"
Cedarwood Family Practice,124 NW Midland,Suite J,97526,Josephine,Oregon,541-476-8859,,,Yes,,
Centennial School District (13 sub-sites),18135 SE Brooklyn St,,97236,Multnomah,Oregon,503-760-7990,http://www.centennial.k12.or.us/pages/Centennial_School_District,No,No,FQHC,"18135 SE Brooklyn St
Portland, OR 97236
(45.501106751000066, -122.47665885299995)"
Center for Women & the Family,"17 SW Frazer, Suite 282",Suite 282,97801,Umatilla,Oregon,541-278-3377,http://www.ohsu.edu/xd/outreach/oregon-rural-health/clinics/clinics-directory/index.cfm#CP_JUMP_1327821,Yes,Yes,RHC,"17 SW Frazer, Suite 282
Pendleton, OR 97801
(45.669921663000025, -118.78608786199999)"
CEP Consumer Center CCC,610 NW Davis St,,97209,Multnomah,Oregon,503-294-1681,http://www.centralcityconcern.org/,Yes,No,FQHC,"610 NW Davis St
Portland, OR 97209
(45.52445198100003, -122.67677909199995)"
Cesar Chavez K-8,5103 N Willis Blvd,,97203,Multnomah,Oregon,503-988-3815,http://osbha.org/centers/c%C3%A9sarch%C3%A1vez,No,No,FQHC/SBHC,"5103 N Willis Blvd
Portland, OR 97203
(45.58408717400005, -122.71956907699996)"
Charnelton Community Clinic CHC,151 W 7th Ave,Suite 100,97401,Lane,Oregon,541-682-3550,http://www.lanecounty.org/Departments/HHS/CHC/Pages/locations.aspx#charnelton,Yes,Yes,FQHC,"151 W 7th Ave
Eugene, OR 97401
(44.05215730800006, -123.09532932999997)"
Chemawa Indian Health Center,3750 Chemawa Rd NE,,97305,Marion,Oregon,503-304-7600,http://www.ihs.gov/portland/index.cfm?module=dsp_port_hf_western_oregon,Yes,No,IHS,"3750 Chemawa Rd NE
Salem, OR 97305
(45.00447385800004, -122.98549849799997)"
Chiloquin Open Door,103 Wasco Ave,,97624,Klamath,Oregon,541-783-2292,http://www.klamathopendoor.org/?page_id=24,Yes,No,FQHC,"103 Wasco Ave
Chiloquin, OR 97624
(42.57796489400005, -121.86650794999997)"
Churchill HS,1850 Bailey Hill Rd,,97405,Lane,Oregon,541-790-5227,http://www.4j.lane.edu/instruction/ess/health-services/,No,No,SBHC,"1850 Bailey Hill Rd
Eugene, OR 97405
(44.039190681000036, -123.14933332099997)"
Clara Vista Family Resource Center,6706 NE Killingsworth St,,97218,Multnomah,Oregon, 503-988-3674,http://web.multco.us/,No,No,FQHC,"6706 NE Killingsworth St
Portland, OR 97218
(45.56268238700005, -122.59391044099999)"
Clatskanie Family Medical Clinic,401 Bel Air Dr,,97016,Columbia,Oregon,503-728-5111,http://www.healthgrades.com/physician/dr-irina-stolerman-xklyp/appointment#AppointmentsAndOffices2_anchor,No,No,RHC,"401 Bel Air Dr
Clatskanie, OR 97016
(46.10464200700005, -123.20912291999997)"
Cleveland HS,3400 SE 26th Ave,Suite 163,97202,Multnomah,Oregon,503-988-3350,http://osbha.org/centers/clevelandhighschool,Yes,Yes,FQHC/SBHC,"3400 SE 26th Ave
Portland, OR 97202
(45.49852909700007, -122.63957997799997)"
Coastal Family Health Center,2158 Exchange St Ste 304,Suite 304,97103,Clatsop,Oregon,541-325-8315,http://www.coastalfhc.org/,Yes,Yes,FQHC,"2158 Exchange St Ste 304
Astoria, OR 97103
(46.18857850100005, -123.81793831599998)"
Coastal Health Practitioners,3015 NE West Devils Lake Rd,,97367,Lincoln,Oregon,541-994-8911,http://www.ohsu.edu/xd/outreach/oregon-rural-health/clinics/clinics-directory/index.cfm#CP_JUMP_1327821,No,Yes,RHC,"3015 NE West Devils Lake Rd
Lincoln City, OR 97367
(44.98762116800003, -123.99698869799994)"
Columbia Crest Clinic,1935 E 19th St,Suite 100,97058,Wasco,Oregon,541-296-7677,http://www.mcmc.net/Clinics/FamilyMed/ColumbiaCrest.aspx?AspxAutoDetectCookieSupport=1,Yes,No,RHC,"1935 E 19th St
The Dalles, OR 97058
(45.588246911000056, -121.161309572)"
Columbia Gorge Family Medicine,1750 12th Street,,97031,Hood River,Oregon,541-386-5070,http://www.columbiagorgefamilymedicine.com/,No,Yes,RHC,"1750 12th Street
Hood River, OR 97031
(45.69595069300004, -121.52368837499995)"
Columbia Hills Family Medicine,1620 E 12th St,,97058,Wasco,Oregon,541-296-9151,http://www.mcmc.net/Clinics/FamilyMed/ColumbiaHills.aspx?AspxAutoDetectCookieSupport=1,Yes,No,RHC,"1620 E 12th St
The Dalles, OR 97058
(45.59301159700004, -121.16746967099999)"
Columbia Memorial HospitalAstoria,2111 Exchange Street,,97103,Clatsop,Oregon,503-325-4321,http://www.columbiamemorial.org/,Yes,No,Hospital,"2111 Exchange Street
Astoria, OR 97103
(46.188467538000054, -123.819001303)"
Columbia Memorial Hospital Pediatric Clinic,2265 Exchange St,,97103,Clatsop,Oregon,503-325-7337,http://www.columbiamemorial.org/clinics-pediatrics.aspx,,,,
Columbia Memorial Hospital Primary Care ,1639 SE Ensign Ln,Suite B102,97146,Clatsop,Oregon,503-338-4500,http://www.columbiamemorial.org/clinics-primarycare.aspx,,,,
Columbia Memorial Hospital Women's Center,2265 Exchange St,,97103,Clatsop,Oregon,503-338-7595,http://www.columbiamemorial.org/clinics-womens.aspx,,,,
Columbia River Community Health Services,450 Tatone St,,97818,Morrow,Oregon,541-481-7212,http://www.crchs.net/index.html,Yes,No,FQHC,"450 Tatone St
Boardman, OR 97818
(45.83045597300003, -119.70296703499997)"
Community Center/Head Start - Coquille Indian Tribe,591 Miluk Dr,,97420,Coos,Oregon,541-888-9494,http://www.coquilletribe.org/humanservices.htm,Yes,No,Tribal,"591 Miluk Dr
Coos Bay, OR 97420
(43.35977095100003, -124.29795699399995)"
Community Engagement Program CCC,709 NW Everett St,,97209,Multnomah,Oregon,503-226-4060,http://www.centralcityconcern.org/,No,No,FQHC,"709 NW Everett St
Portland, OR 97209
(45.52520672600008, -122.67785993299998)"
Community Health Center - Coquille Indian Tribe,600 Miluk Dr,,97420,Coos,Oregon,541-888-9494,http://www.coquilletribe.org/humanservices.htm,Yes,No,Tribal,"600 Miluk Dr
Coos Bay, OR 97420
(43.35924162900005, -124.29734663399995)"
"Coos Bay Outreach Office - Confed. Tribes of Coos, L. Umpqua & Siuslaw",1245 Fulton Ave,,97420,Coos,Oregon,541-888-9577,http://ctclusi.org/,Yes,No,Tribal,"1245 Fulton Ave
Coos Bay, OR 97420
(43.38325195300007, -124.26447017999999)"
Coquille Valley Hospital,940 E Fifth Avenue,,97423,Coos,Oregon,541-396-3101,http://www.cvhospital.org/,No,No,Hospital,"940 E Fifth Avenue
Coquille, OR 97423
(43.179027286000064, -124.17921976199995)"
Corbett School District (3 sub-sites),35200 Historic Columbia River Hwy,,97019,Multnomah,Oregon,503-261-4226,http://corbett.k12.or.us/,Yes,No,FQHC,"35200 Historic Columbia River Hwy
Corbett, OR 97019
(45.52904382400004, -122.30142674799998)"
Cottage Grove Community Hospital,1515 Village Drive,,97424,Lane,Oregon,541-942-0511 ,http://www.peacehealth.org/cottage-grove/Pages/default.aspx,No,No,Hospital,"1515 Village Drive
Cottage Grove, OR 97424
(43.80421852500007, -123.03866702399995)"
Cow Creek Health & Wellness Center Annex - Umpqua Tribe,270 Gazley Bridge Rd,,97417,Douglas,Oregon,541-839-1345,http://www.cowcreek.com/medical-center,Yes,No,Tribal,"270 Gazley Bridge Rd
Canyonville, OR 97417
(42.94176669800004, -123.285996249)"
Cow Creek Health & Wellness Center - Umpqua Tribe,2371 NE Stephens St,,97470,Douglas,Oregon,541-672-8533,http://www.cowcreek.com/contact/12-contacts/2-cow-creek-health-a-wellness-center,Yes,No,Tribal,"2371 NE Stephens St
Roseburg, OR 97470
(43.23856914400005, -123.35284126999994)"
Crooked River ES,757 NE 1st St,,97754,Crook,Oregon,541-323-4272,http://mosaicmedical.org/crook-school-based-health-center/,No,No,FQHC/SBHC,"757 NE 1st St
Prineville, OR 97754
(44.301146972000026, -120.83971923999997)"
"C. Scott Graham, DO, PC",620 South J St,,97630,Lake,Oregon,541-947-2331,http://www.lakehealthdistrict.org/index.php/physicians-list/26-family-practice/8-c-scott-gaham-do,No,No,RHC,"620 South J St
Lakeview, OR 97630
(42.18184426200003, -120.35143573999994)"
Curry Community Health - Gold Beach,94235 Moore St,Suite 121,97444,Curry,Oregon,541-425-7545,http://www.currych.org/public-services,,Yes,,
Curry Community Health Integrated Services,412 Alder St,,97415,Curry,Oregon,541-813-2535,http://www.currych.org/public-services,,Yes,,
Curry Community Health - North,1403 Oregon St,,97465,Curry,Oregon,541-247-3308,http://www.currych.org/public-services,,Yes,,
Curry Family Medical,525 Madrona Ave,,97465,Curry,Oregon,541-332-3861,http://www.curryhealthnetwork.com/,Yes,No,RHC,"525 Madrona Ave
Port Orford, OR 97465
(42.755643226000075, -124.49872907299999)"
Curry General Hospital,94220 4th Street,,97444,Curry,Oregon,541-247-3000,http://www.curryhealthnetwork.com/,No,No,Hospital,"94220 4th Street
Gold Beach, OR 97444
(42.41163179500006, -124.41862013599996)"
David Douglas HS,1034 SE 130th Ave,,97233,Multnomah,Oregon,503-988-3554,http://osbha.org/centers/daviddouglashighschool,Yes,Yes,FQHC/SBHC,"1034 SE 130th Ave
Portland, OR 97233
(45.51554045700004, -122.52997601199996)"
David Douglas School District (17 sub-sites),1500 SE 130th Ave,,97233,Multnomah,Oregon,503-256-6500,http://www.ddouglas.k12.or.us/,No,No,FQHC,"1500 SE 130th Ave
Portland, OR 97233
(45.512089149000076, -122.52994036399997)"
DCJ Donald E. Long,1401 NE 68th Ave,,97213,Multnomah,Oregon,503-988-3674,http://web.multco.us/,No,No,FQHC,"1401 NE 68th Ave
Portland, OR 97213
(45.53059364300003, -122.594327567)"
DCJ Southwest Parole & Probation,421 SW 5th Ave,,97204,Multnomah,Oregon,503-988-3198,http://web.multco.us/,No,No,FQHC,"421 SW 5th Ave
Portland, OR 97204
(45.52027495900006, -122.67679061499996)"
Douglas HS,1381 NW Douglas Blvd,,97496,Douglas,Oregon,541-679-3008,http://www.umpquachc.org/?nav=locations,No,No,FQHC/SBHC,"1381 NW Douglas Blvd
Winston, OR 97496
(43.11898374400005, -123.42415239299999)"
Dunes Family Health Care,620 Ranch Rd,,97467,Douglas,Oregon,541-271-2163,http://www.dunesfamily.org/,Yes,Yes,RHC,"620 Ranch Rd
Reedsport, OR 97467
(43.69553069500006, -124.13581676299998)"
Eagle Point HS,203 N Platt St,,97524,Jackson,Oregon,541-830-6617,http://www.communityhealthcenter.org/Page.asp?NavID=92,No,No,FQHC/SBHC,"203 N Platt St
Eagle Point, OR 97524
(42.47147464400007, -122.80479531599997)"
Early Head Start (3 sub-sites),911 N Skidmore St,,97217,Multnomah,Oregon,503-236-9389,http://web.multco.us/,Yes,No,FQHC,"911 N Skidmore St
Portland, OR 97217
(45.55464637400007, -122.67582961199997)"
East County Health Center,600 NE 8th St,,97030,Multnomah,Oregon,503-988-5155,http://web.multco.us/health/primary-care-clinics,Yes,Yes,FQHC,"600 NE 8th St
Gresham, OR 97030
(45.50291237700003, -122.42536848399999)"
East Linn Health Center,100 Mullins Dr,Suite A-1,97355,Linn,Oregon,541-451-6920,http://www.co.benton.or.us/health/primary_care/east_linn.php,Yes,Yes,FQHC,"100 Mullins Dr
Lebanon, OR 97355
(44.549713851000035, -122.90898507899999)"
Elgin Family Health Center,1400 Division St,,97827,Union,Oregon,541-437-6321,http://www.yellowpages.com/elgin-or/mip/elgin-family-health-clinic-454113245?lid=454113245,Yes,No,RHC,"1400 Division St
Elgin, OR 97827
(45.56483254500006, -117.92390928499998)"
Ensworth ES,2150 NE Daggett Ln,,97701,Deschutes,Oregon,541-693-2222,http://www.deschutes.org/Health-Services/Public-Health/School-Based-Health-Center.aspx,No,No,SBHC,"2150 NE Daggett Ln
Bend, OR 97701
(44.07106599800005, -121.27563540699998)"
Estacada Clinic,103 SW Hwy 224,,97023,Clackamas,Oregon,503-630-5511,,,Yes,,
Estacada HS,535 NE 6th Avenue,,97023,Clackamas,Oregon,503-630-8550,http://www.esd108.org/super_docs.asp,No,No,SBHC,"535 NE 6th Avenue
Estacada, OR 97023
(45.29470657600007, -122.32977172799997)"
Evergreen ES,520 W River St,,97523,Josephine,Oregon,541-592-6491,http://www.siskiyouhealthcenter.com/locations/#schoolbased,No,Yes,FQHC/SBHC,"520 W River St
Cave Junction, OR 97523
(42.169396807000055, -123.652449521)"
Evergreen Family Medicine,2750 NW Edenbower Blvd,Suite 100,97471,Douglas,Oregon,541-677-7200,http://www.efmpc.com/,No,No,RHC,"2750 NW Edenbower Blvd
Roseburg, OR 97471
(43.24233023000005, -123.36146333499994)"
Evergreen Family Medicine South,145 NE Broadway,,97457,Douglas,Oregon,541-863-3146,http://www.efmpc.com,,Yes,,
Family Medical Clinic of Newport,130 NE 4th Street,,97365,Lincoln,Oregon,541-265-3772,,,Yes,,
Florence Outreach Office - Confed. Tribes of Coos/L. Umpqua & Siuslaw,4969 Hwy 101 N,,97439,Lane,Oregon,541-997-6685,http://www.npaihb.org/member_tribes/tribe/coos_siuslaw_and_lower_umpqua_tribes/,Yes,No,Tribal,"4969 Hwy 101 N
Florence, OR 97439
(44.00966922100008, -124.10167810999997)"
Franklin HS,5405 SE Woodward,,97206,Multnomah,Oregon,503-988-3370,http://www.pps.k12.or.us/schools/franklin/1040.htm,No,Yes,FQHC/SBHC,"5405 SE Woodward
Portland, OR 97206
(45.501426062000064, -122.60689820099998)"
Gateway Children's Center,10317 E Burnside St,,97216,Multnomah,Oregon,503.988.3663,http://freeclinicdirectory.org/detail/gateway_childrens_center_portland_or.html,No,No,FQHC,"10317 E Burnside St
Portland, OR 97216
(45.522737386000074, -122.55718952399997)"
George MS,10000 N Burr Ave,,97203,Multnomah,Oregon,503-988-3829,http://osbha.org/centers/georgemiddleschool,Yes,Yes,FQHC/SBHC,"10000 N Burr Ave
Portland, OR 97203
(45.596004073000074, -122.73738681099996)"
Gifford Medical,1050 W Elm Ave,Suite 110,97838,Umatilla,Oregon,541-567-2995,http://www.giffordmedical.com/,No,No,RHC,"1050 W Elm Ave
Hermiston, OR 97838
(45.84964665000007, -119.30997870999994)"
Gilchrist K-12,201 Mountain View Dr,,97737,Klamath,Oregon,541-433-2273,http://www.kcsd.k12.or.us/Page.asp?NavID=1430,No,No,SBHC,"201 Mountain View Dr
Gilchrist, OR 97737
(43.47735725100006, -121.68625305299997)"
Gilchrist School Based Health Center,PO Box 3300,,97739,Deschutes,Oregon,541-596-3435,http://www.lapinecc.com/,,,,
Gladstone Clinic,18911 Portland Ave,,97027,Clackamas,Oregon,503-850-4472,http://www.healthcenteror.org/locations,Yes,Yes,FQHC,"18911 Portland Ave
Gladstone, OR 97027
(45.387126429000034, -122.59917230399998)"
Good Samaritan Regional Medical Center,3600 NW Samaritan Drive,,97330,Benton,Oregon,541-768-5111,http://www.samhealth.org/locations/goodsamaritanregionalmedicalcenter/Pages/default.aspx,No,Yes,Hospital,"3600 NW Samaritan Drive
Corvallis, OR 97330
(44.603703866000046, -123.25302532399996)"
Good Shepherd Medical Center,610 NW Eleventh Street,,97838,Umatilla,Oregon,541-667-3400,http://www.gshealth.org,Yes,No,Hospital,"610 NW Eleventh Street
Hermiston, OR 97838
(45.84564938500006, -119.31090053499997)"
Good Shepherd Medical Group,600 NW Eleventh Street,,97838,Umatilla,Oregon,541-567-5305,http://gshcs.net/,Yes,No,RHC,"600 NW Eleventh Street
Hermiston, OR 97838
(45.84463814500003, -119.31090740699995)"
Grande Ronde Health & Wellness Center - Grand Ronde Confed. Tribes,9605 Grand Ronde Rd,,97347,Polk,Oregon,503-879-2236,http://www.grandronde.org/departments/health-and-wellness/,Yes,No,Tribal,"9605 Grand Ronde Rd
Grand Ronde, OR 97347
(45.073519168000075, -123.61185808999994)"
Grande Ronde Hospital,900 Sunset Drive,,97850,Union,Oregon,541-963-8421,http://www.grh.org/,No,No,Hospital,"900 Sunset Drive
La Grande, OR 97850
(45.31900935200008, -118.10477604799996)"
"Grande Ronde Hospital Union Clinic					",142 E Dearborn St,,97883,Union,Oregon,541-562-6180,http://www.ohsu.edu/xd/outreach/oregon-rural-health/clinics/clinics-directory/index.cfm#CP_JUMP_2439338,No,No,RHC,"142 E Dearborn St
Union, OR 97883
(45.20705249800005, -117.86478916199997)"
Grant County Health Department,528 E Main St,Suite E,97845,Grant,Oregon,541-575-0429,http://www.gcoregonlive2.com/svc_display.php/723,Yes,No,RHC,"528 E Main St
John Day, OR 97845
(44.41577251000007, -118.94345169199994)"
Grant HS,2245 NE 36th Ave,Suite 102,97212,Multnomah,Oregon,503-988-3372,http://osbha.org/centers/granthighschool,Yes,Yes,FQHC/SBHC,"2245 NE 36th Ave
Portland, OR 97212
(45.538158373000044, -122.62604873299995)"
Gresham/Barlow School District (23 sub-sites),1331 NW Eastman Pkwy,,97030,Multnomah,Oregon,503-618-2450,http://www.gresham.k12.or.us/,No,Yes,FQHC,"1331 NW Eastman Pkwy
Gresham, OR 97030
(45.50620531000004, -122.43534523199997)"
Harney District Hospital,557 W Washington Street,,97720,Harney,Oregon,541-573-7281,http://www.harneydh.com/,No,No,Hospital,"557 W Washington Street
Burns, OR 97720
(43.588701496000056, -119.06035989999998)"
Harrison Park K-8,2225 SE 87th Ave,,97216,Multnomah,Oregon,503-988-4577,http://osbha.org/centers/harrisonpark,No,Yes,FQHC/SBHC,"2225 SE 87th Ave
Portland, OR 97216
(45.50647984200003, -122.57427901599999)"
HIV Clinical Services,426 SW Stark St,4th Floor,97204,Multnomah,Oregon,503-988-3674 ,http://web.multco.us/health/hiv-health-services-center,Yes,Yes,FQHC,"426 SW Stark St
Portland, OR 97204
(45.520692085000064, -122.67623636699994)"
Homeless Outreach & Advocacy Project,694 Church St NE,,97301,Marion,Oregon,503-588-5827,http://www.northwesthumanservices.org/HOAP.html,Yes,No,FQHC,"694 Church St NE
Salem, OR 97301
(44.94576736700003, -123.03218411599994)"
Hooper Detoxification Stabilization Center CCC,1535 N Williams Ave,,97227,Multnomah,Oregon,503-238-2067,http://www.centralcityconcern.org/changing-lives/hooper-detoxification-center.html,Yes,No,FQHC,"1535 N Williams Ave
Portland, OR 97227
(45.53414462500007, -122.66678768099996)"
Hoover ES,1120 Savage Rd NE,,97301,Marion,Oregon,503-581-1713,http://www.wfamilymed.org/services-programes/school-based-health-center/,No,Yes,Tribal,"1120 Savage Rd NE
Salem, OR 97301
(44.944572590000064, -122.99615353399997)"
Host Youth and Family Program,1143 Liberty St NE,,97301,Marion,Oregon,503-588-5825,http://www.northwesthumanservices.org/HOST.html,No,No,FQHC,"1143 Liberty St NE
Salem, OR 97301
(44.95118486400003, -123.03419156099994)"
Illinois Valley HS,625 River St,,97523,Josephine,Oregon,541-592-3749,http://www.siskiyouhealthcenter.com/locations/#schoolbased,No,Yes,FQHC/SBHC,"625 River St
Cave Junction, OR 97523
(42.168492266000044, -123.63330435899996)"
Internal Medicine Group 1825,1825 E 19th St,,97058,Wasco,Oregon,541-506-6940,http://www.mcmc.net/Clinics/InternalMed/River-View-Clinic.aspx,Yes,No,RHC,"1825 E 19th St
The Dalles, OR 97058
(45.58812200600005, -121.16361529099999)"
Irrigon Medical Clinic,220 N Main St,,97844,Morrow,Oregon,541-922-5880,http://www.morrowcountyhealthdistrict.org/facilities/imc/contact-us,Yes,No,RHC,"220 N Main St
Irrigon, OR 97844
(45.89010772700004, -119.50299901699998)"
Jefferson HS,5210 N Kerby Ave,,97217,Multnomah,Oregon,503-988-3360,http://osbha.org/centers/jeffersonghighschool,No,Yes,FQHC/SBHC,"5210 N Kerby Ave
Portland, OR 97217
(45.56017963100004, -122.67293047099997)"
"Jordan Valley Health Clinic, Inc.",400 Iowa St,,97910,Malheur,Oregon,541-586-2422,http://www.yellowbook.com/profile/jordan-valley-health-clinic_1634030225.html,No,No,RHC,"400 Iowa St
Jordan Valley, OR 97910
(42.97915709100005, -117.05125976399995)"
Kaiser Sunnyside Medical Center,10108 SE Sunnyside Road,,97015,Clackamas,Oregon,503-652-2880,https://healthy.kaiserpermanente.org/html/kaiser/index.shtml,No,No,Hospital,"10108 SE Sunnyside Road
Clackamas, OR 97015
(45.433311925000055, -122.56147818799997)"
Klamath Open Door Family Practice,2074 S 6th St,,97601,Klamath,Oregon,541-851-8110,http://www.klamathopendoor.org/?page_id=24,Yes,Yes,FQHC,"2074 S 6th St
Klamath Falls, OR 97601
(42.215713927000024, -121.76591183999994)"
Klamath Tribal Health & Family Services,3949 S 6th St,,97603,Klamath,Oregon,541-882-1487,http://www.klamathtribalhealth.org,Yes,No,Tribal,"3949 S 6th St
Klamath Falls, OR 97603
(42.20643690600008, -121.73985990099999)"
Klamath Tribal Wellness Center ,330 Chiloquin Blvd,,97624,Klamath,Oregon,541-882-1487,http://www.klamathtribes.org/,Yes,No,Tribal,"330 Chiloquin Blvd
Chiloquin, OR 97624
(42.57561417200003, -121.87410649399999)"
La Clinica Central Point Health Center,4940 Hamrick Rd,,97502,Jackson,Oregon,541-535-6239,http://www.laclinicahealth.org/Page.asp?NavID=7#jewett,Yes,No,FQHC,"4940 Hamrick Rd
Central Point, OR 97502
(42.387756515000035, -122.89177759499995)"
La Clinica Crater HS,655 N Third St,,97502,Jackson,Oregon,541-494-6323,http://www.laclinicahealth.org,No,Yes,FQHC/SBHC,"655 N Third St
Central Point, OR 97502
(42.37981038000004, -122.91965705299998)"
La Clinica De Buena Salud ,6736 NE Killingsworth St,,97218,Multnomah,Oregon,503-988-3991,http://web.multco.us/health/primary-care-clinics,Yes,Yes,FQHC,"6736 NE Killingsworth St
Portland, OR 97218
(45.56268238700005, -122.59326977199999)"
La Clinica del Valle - Birch Grove Health Center,140 S. Holly St,,97501,Jackson,Oregon,541-535-6239,http://laclinicahealth.org/Page.asp?NavID=210&menu=,,,,
La Clinica East Medford Dental Clinic,1113 Progress Dr,,97504,Jackson,Oregon,541-512-3900,http://www.laclinicahealth.org/Page.asp?NavID=135,Yes,No,FQHC,"1113 Progress Dr
Medford, OR 97504
(42.345077149000076, -122.87266930499999)"
La Clinica Jackson ES,713 Summit Ave,,97501,Jackson,Oregon,541-842-3771,http://www.laclinicahealth.org,Yes,Yes,FQHC/SBHC,"713 Summit Ave
Medford, OR 97501
(42.331678416000045, -122.88683660999999)"
La Clinica Jewett ES,1001 Manzanita St,,97502,Jackson,Oregon,541-494-6611,http://laclinicahealth.org,Yes,Yes,FQHC/SBHC,"1001 Manzanita St
Central Point, OR 97502
(42.378986499000064, -122.91023599699997)"
La Clinica Oak Grove ES ,2838 W Main St,,97501,Jackson,Oregon,541-842-3374,http://www.laclinicahealth.org/Page.asp?NavID=32,Yes,No,FQHC/SBHC,"2838 W Main St
Medford, OR 97501
(42.32378643800007, -122.90984882999999)"
La Clinica Phoenix Health Center,3617 S Pacific Hwy,,97501,Jackson,Oregon,541-535-6239,http://www.laclinicahealth.org/Page.asp?NavID=89,Yes,Yes,FQHC,"3617 S Pacific Hwy
Medford, OR 97501
(42.286903050000035, -122.83226223899999)"
La Clinica School Based Health Center at Scenic,713 Summit Dr,,97501,Jackson,Oregon,541-842-3771,http://laclinicahealth.org/Page.asp?NavID=32,,,,
La Clinica Washington ES ,610 S Peach St,,97501,Jackson,Oregon,541-842-3521,http://www.laclinicahealth.org/Page.asp?NavID=32,Yes,No,FQHC/SBHC,"610 S Peach St
Medford, OR 97501
(42.316987975000075, -122.88266650199995)"
La Clinica West Medford Health Center,1307 W Main St,,97501,Jackson,Oregon,541-535-6239,http://www.laclinicahealth.org/Page.asp?NavID=90,Yes,No,FQHC,"1307 W Main St
Medford, OR 97501
(42.323672362000025, -122.88680895499999)"
La Clinica Women's Health Center,910 Central Ave,,97501,Jackson,Oregon,541-535-6239,http://www.laclinicahealth.org/Page.asp?NavID=91,Yes,No,FQHC,"910 Central Ave
Medford, OR 97501
(42.318661089000045, -122.86546754399996)"
La Grande HS,708 K Ave,,97850,Union,Oregon,541-663-3331,http://www.lagrandesd.org/,No,No,SBHC,"708 K Ave
La Grande, OR 97850
(45.321181403000026, -118.10017959599998)"
Lake District Hospital,700 South J Street,,97630,Lake,Oregon,541-947-2114,http://www.lakehealthdistrict.org/,No,No,Hospital,"700 South J Street
Lakeview, OR 97630
(42.18147963400003, -120.351436364)"
Lancaster Family Health Center,3896 Beverly Ave NE Bldg J,Suite 40,97305,Marion,Oregon,503-588-0076,http://www.yvfwc.com/lancaster-family-health-center-salem/,Yes,No,FQHC,"3896 Beverly Ave NE Bldg J
Salem, OR 97305
(44.96112214300007, -122.98480015299998)"
Lane County Behavioral Health - Primary Care CHC,2411 Martin Luther King Jr Blvd,,97401,Lane,Oregon,541-682-3550,http://www.lanecounty.org/Departments/HHS/CHC/Pages/default.aspx,Yes,Yes,FQHC,"2411 Martin Luther King Jr Blvd
Eugene, OR 97401
(44.05978656600007, -123.07399022299995)"
Lane MS,7200 SE 60th Ave,,97206,Multnomah,Oregon,503-988-5640,http://osbha.org/centers/lanemiddleschool,Yes,Yes,FQHC/SBHC,"7200 SE 60th Ave
Portland, OR 97206
(45.47132026600008, -122.60215040799994)"
La Pine Community Health Center,51600 S Huntington Rd,,97739,Deschutes,Oregon,541-536-3435`,http://www.lapinecc.com/,Yes,No,FQHC,"51600 S Huntington Rd
La Pine, OR 97739
(43.675468317000025, -121.50411456399996)"
La Pine K-12,51633 Coach Rd,,97739,Deschutes,Oregon,541-536-0400,http://www.deschutes.org/Health-Services/Public-Health/School-Based-Health-Center.aspx,No,No,SBHC,"51633 Coach Rd
La Pine, OR 97739
(43.677759053000045, -121.50557680999998)"
La Pine School Based Health Center,51605 Coach Rd,,97739,Deschutes,Oregon,541-536-0400,http://www.deschutes.org/standard-location/la-pine-community-campus,,,,
Legacy Clinic St Helens,500 N Columbia River Hwy,Suite 6,97051,Columbia,Oregon,503-397-0471,http://www.legacyhealth.org/locations/clinics/primary-care-clinics/st-helens.aspx,No,Yes,RHC,"500 N Columbia River Hwy
St Helens, OR 97051
(45.86433709100004, -122.819471911)"
Legacy Emanuel Hospital,2801 N Gantenbein,,97227,Multnomah,Oregon,503-413-2200,http://www.legacyhealth.org/locations/hospitals/legacy-emanuel-medical-center.aspx,No,Yes,Hospital,"2801 N Gantenbein
Portland, OR 97227
(45.544199787000025, -122.66953815299996)"
Legacy Good Samaritan Hospital and Medical Center,1015 NW 22nd Avenue,,97210,Multnomah,Oregon,503-413-7711,http://www.legacyhealth.org/locations/hospitals/legacy-good-samaritan-medical-center.aspx,No,No,Hospital,"1015 NW 22nd Avenue
Portland, OR 97210
(45.53049569900003, -122.69665825799996)"
Legacy Medical Group – Firwood,36860 Industrial Way,,97055,Clackamas,Oregon,503-826-0206,http://www.legacyhealth.org/locations/clinics/primary-care-clinics/firwood.aspx,No,Yes,RHC,"36860 Industrial Way
Sandy, OR 97055
(45.40238039800005, -122.28513233099994)"
Legacy Medical Group - Powell Butte,17332 SE Powell Blvd,,97236,Multnomah,Oregon,503-415-4110,http://www.legacyhealth.org/locations/clinics/primary-care-clinics/powell-butte.aspx,,Yes,,
Legacy Meridian Park Hospital,19300 SW 65th Ave,,97062,Washington,Oregon,503-692-1212,http://www.legacyhealth.org/locations/hospitals/legacy-meridian-park-medical-center.aspx,No,No,Hospital,"19300 SW 65th Ave
Tualatin, OR 97062
(45.380568855000035, -122.74392024899998)"
Legacy Mt. Hood Medical Center,24800 SE Stark,,97030,Multnomah,Oregon,503-674-1122,http://www.legacyhealth.org/locations/hospitals/legacy-mount-hood-medical-center.aspx,No,Yes,Hospital,"24800 SE Stark
Gresham, OR 97030
(45.51907012800007, -122.42711018799997)"
Letty Owings Center CCC,2545 NE Flanders St,,97232,Multnomah,Oregon,503-235-3546,http://www.centralcityconcern.org/changing-lives/letty-owings-center.html,Yes,No,FQHC,"2545 NE Flanders St
Portland, OR 97232
(45.52574714600007, -122.63956960799999)"
Lewis & Clark ES,1060 Eisenschmidt Ln,,97051,Columbia,Oregon,503-397-0471,http://osbha.org/centers/sacagaweahealthcenter,No,No,SBHC,"1060 Eisenschmidt Ln
St Helens, OR 97051
(45.86073373800008, -122.80823607499997)"
Lincoln City Clinic,4422 NE Devils Lake Blvd,Suite 2,97367,Lincoln,Oregon,541-265-4947,http://www.lincolncountyhealth.com/HC/LCHClocations.htm,Yes,No,FQHC,"4422 NE Devils Lake Blvd
Lincoln City, OR 97367
(44.998006684000075, -123.99685964199995)"
Lincoln City Medical Center,2870 NE Devils Lake Rd,,97367,Lincoln,Oregon,541-994-9191,http://www.samhealth.org/locations/medical-clinics/Pages/samaritanlincolncitymedicalcenter.aspx,No,No,RHC,"2870 NE Devils Lake Rd
Lincoln City, OR 97367
(45.00718378700003, -123.99406680099997)"
Lincoln County Addiction Recovery Program,36 SW Nye St,,97365,Lincoln,Oregon,541-265-4179,http://www.lincolncountyhealth.com/MH/AddictionsPAGE.htm,Yes,No,FQHC,"36 SW Nye St
Newport, OR 97365
(44.63613949300003, -124.05568823799996)"
Lincoln ES,110 SE Viewmont Ave,,97333,Benton,Oregon,541-766-3546,https://lincoln.csd509j.net/,No,Yes,FQHC/SBHC,"110 SE Viewmont Ave
Corvallis, OR 97333
(44.54362477600006, -123.26588721599995)"
"Lisa Callahan, CPNP",1465 NE 7th St,Suite B,97526,Josephine,Oregon,541-472-0021,http://www.ohsu.edu/xd/outreach/oregon-rural-health/clinics/clinics-directory/rhc-directory-city-name.cfm#CP_JUMP_1328006,No,Yes,RHC,"1465 NE 7th St
Grants Pass, OR 97526
(42.454121830000076, -123.32063056999999)"
Lorna Byrne MS,102 S Junction,,97523,Josephine,Oregon,541-592-6978,http://osbha.org/centers/lornabyrnemiddleschool,No,Yes,FQHC/SBHC,"102 S Junction
Cave Junction, OR 97523
(42.16708701500005, -123.64388654399994)"
Lower Umpqua Hospital,600 Ranch Road,,97467,Douglas,Oregon,541-271-2171,http://www.lowerumpquahospital.org/,Yes,No,Hospital,"600 Ranch Road
Reedsport, OR 97467
(43.69468492100003, -124.13504588599994)"
Lynch ES,1314 SW Kalama Ave,,97756,Deschutes,Oregon,541-504-3589,http://www.deschutes.org/Health-Services/Public-Health/School-Based-Health-Center.aspx,No,No,SBHC,"1314 SW Kalama Ave
Redmond, OR 97756
(44.26660156300005, -121.181959614)"
Madison HS ,2735 NE 82nd Ave,,97220,Multnomah,Oregon,503-988-3382,http://osbha.org/centers/madisonhighschool,Yes,Yes,FQHC/SBHC,"2735 NE 82nd Ave
Portland, OR 97220
(45.540860474000056, -122.57891810199999)"
Madras Medical Group,76 NE 12th St,,97741,Jefferson,Oregon,541-475-7800,http://mosaicmedical.org/madras-clinic/,No,Yes,RHC,"76 NE 12th St
Madras, OR 97741
(44.63712930300005, -121.12208820399997)"
Malheur Memorial Health Center,410 Main St,,97913,Malheur,Oregon,541-372-2211,http://www.malheurmemorialhealthcenter.com,Yes,No,RHC,"410 Main St
Nyssa, OR 97913
(43.87682725900004, -116.99780886699995)"
Marshfield HS,755 S 7th St,,97420,Coos,Oregon,541-267-1495,http://wfall.org/hours/marshfield/,No,No,FQHC/SBHC,"755 S 7th St
Coos Bay, OR 97420
(43.36152913600006, -124.21895735299995)"
McKenzie River Clinic,51730 Dexter St,,97413,Lane,Oregon,541-822-3341,http://mckenzieriverclinic.org,No,No,RHC,"51730 Dexter St
Blue River, OR 97413
(44.15405453400007, -122.33812469599997)"
McKenzie River Clinic,51730 Dexter St,PO Box 183,97413,Lane,Oregon,541-822-3341,http://mckenzieriverclinic.org/,,,,
McKenzie-Willamette Medical Center,1460 G Street,,97477,Lane,Oregon,541-726-4400,http://www.mckweb.com/Pages/home.aspx,No,No,Hospital,"1460 G Street
Springfield, OR 97477
(44.05243731300004, -123.00384967599996)"
Medford Clinic - Community Health Center,19 Myrtle St,,97504,Jackson,Oregon,541-773-3863,http://www.communityhealthcenter.org/,Yes,No,FQHC,"19 Myrtle St
Medford, OR 97504
(42.32725941600006, -122.86295211299995)"
Mercy Medical Center,2700 Stewart Parkway,,97471,Douglas,Oregon,541-673-0611,http://www.mercyrose.org/,No,No,Hospital,"2700 Stewart Parkway
Roseburg, OR 97471
(43.23991616100005, -123.36684610299994)"
Merlo Station HS,1841 SW Merlo Dr,,97006,Washington,Oregon,503-259-5592,http://www.beaverton.k12.or.us/home/schools/merlo-community-school/,No,No,SBHC,"1841 SW Merlo Dr
Beaverton, OR 97006
(45.50667342500003, -122.84779269299997)"
Metro Child Care R&R,912 NE Kelly Ave,Suite 270,97030,Multnomah,Oregon,503) 988-3976,http://web.multco.us/,No,No,FQHC,"912 NE Kelly Ave
Gresham, OR 97030
(45.50389412100003, -122.42601721899996)"
Mid-Columbia Medical Center,1700 E 19th Street,,97058,Wasco,Oregon,541-296-1111,http://www.mcmc.net/,No,No,Hospital,"1700 E 19th Street
The Dalles, OR 97058
(45.58806254600006, -121.16401973899997)"
Mid County Health Center,12710 SE Division St,,97236,Multnomah,Oregon,503-988-3601,http://web.multco.us/health/primary-care-clinics,Yes,No,FQHC,"12710 SE Division St
Portland, OR 97236
(45.50404161300003, -122.53234978499995)"
Migrant Head Start (4 sub-sites),475 NE Burnside Rd,,97030,Multnomah,Oregon,503-988-3976,http://web.multco.us/,Yes,No,FQHC,"475 NE Burnside Rd
Gresham, OR 97030
(45.50777615900006, -122.42622347799994)"
Milton Freewater Clinic,10 NE 5th Ave,,97862,Umatilla,Oregon,541-938-3314,http://www.wallawallaclinic.com/AboutUs.html,No,No,RHC,"10 NE 5th Ave
Milton-Freewater, OR 97862
(45.941151654000066, -118.39661907199996)"
Milwaukie HS,11300 SE 23rd Ave,,97222,Clackamas,Oregon,503-353-5847,http://www.nclack.k12.or.us/site/Default.aspx?PageID=3680,No,No,FQHC/SBHC,"11300 SE 23rd Ave
Milwaukie, OR 97222
(45.442339951000065, -122.63830336999996)"
Mirasol Family Health Center,589 NW 11th St,,97838,Umatilla,Oregon,541-567-1717,http://www.yvfwc.com/mirasol-family-health-center-hermiston/,Yes,No,FQHC,"589 NW 11th St
Hermiston, OR 97838
(45.84441979300004, -119.31098667099997)"
Monroe Health Center ES/MS,610 Dragon Dr,,97456,Benton,Oregon,541-847-5143,http://www.co.benton.or.us/health/primary_care/monroe.php,Yes,No,FQHC/SBHC,"610 Dragon Dr
Monroe, OR 97456
(44.31193233000005, -123.29819545699996)"
Mosaic Medical - Bend,2084 NE Professional Ct,,97701,Deschutes,Oregon,541-383-3005,http://mosaicmedical.org/bend-clinic/,Yes,Yes,FQHC,"409 NE Greenwood Ave
Bend, OR 97701
(44.05993175300006, -121.30011920099997)"
Mosaic Medical - Madras,910 SW Hwy 97 ,Suite 101,97741,Jefferson,Oregon,541-475-7800,http://mosaicmedical.org/madras-clinic/,Yes,Yes,FQHC,"910 SW Hwy 97
Madras, OR 97741
(44.62232241600003, -121.13137685499998)"
Mosaic Medical - Prineville,375 NW Beaver St,Suite 101,97754,Crook,Oregon,541-447-0707,http://mosaicmedical.org/prineville-clinic/,Yes,No,FQHC,"375 NW Beaver St
Prineville, OR 97754
(44.30353910900004, -120.84836826699996)"
Mosaic Medical - Redmond,111 NW Larch Ave,,97756,Deschutes,Oregon,541-923-4452,http://mosaicmedical.org/redmond-clinic/,Yes,No,FQHC,"111 NW Larch Ave
Redmond, OR 97756
(44.28921739800006, -121.16863923699998)"
Mount Angel Family Medicine,250 Marquam St,,97362,Marion,Oregon,503-845-2000,http://silvertonhealth.org/locations/mt-angel-family-medicine,No,No,RHC,"250 Marquam St
Mount Angel, OR 97362
(45.07115238100005, -122.799270106)"
Mount Hood Head Start,10100 NE Prescott St,,97220,Multnomah,Oregon,503-491-6111,http://www.mhcc.edu/CommunityConnections.aspx?id=1026,Yes,No,FQHC,"10100 NE Prescott St
Portland, OR 97220
(45.55536194100006, -122.55852962799997)"
Multnomah County DCHS,421 SW Oak St,,97204,Multnomah,Oregon,503-988-3691,http://web.multco.us/county-human-services,Yes,No,FQHC,"421 SW Oak St
Portland, OR 97204
(45.52133621100006, -122.675592242)"
Multnomah Early Childhood Program,2022 NW Division St,,97030,Multnomah,Oregon,503-988-3976,http://web.multco.us/,Yes,No,FQHC,"2022 NW Division St
Gresham, OR 97030
(45.504411496000046, -122.45302900899998)"
Multnomah Education Service District,11611 NE Ainsworth Circle,,97220,Multnomah,Oregon,503-255-1841,http://w3.mesd.k12.or.us/,Yes,No,FQHC,"11611 NE Ainsworth Circle
Portland, OR 97220
(45.56550663000007, -122.54136754199999)"
NARA Indian Health Clinic,15 N Morris St,,97227,Multnomah,Oregon,503-230-9875,http://www.naranorthwest.org/homepage_files/Page451.htm,Yes,No,FQHC/IHS,"15 N Morris St
Portland, OR 97227
(45.544687202000034, -122.66694897599996)"
NARA Outpatient Treatment Center,1631 SW Columbia St,,97201,Multnomah,Oregon,503-231-2641,http://www.naranorthwest.org/homepage_files/Page554.htm,Yes,No,FQHC/IHS,"1631 SW Columbia St
Portland, OR 97201
(45.51707622500004, -122.69094178799998)"
NARA Oyate Family Services,1776 SW Madison Street,,97205,Multnomah,Oregon,503-224-1044,http://www.naranorthwest.org/homepage_files/Page432.htm,Yes,No,FQHC/IHS,"1776 SW Madison Street
Portland, OR 97205
(45.51839213100004, -122.69141652799999)"
NARA Residential Treatment Center,17645 NW St Helen's Hwy,,97231,Multnomah,Oregon,503-621-1069,http://www.naranorthwest.org/homepage_files/Page609.htm,Yes,No,FQHC/IHS,"17645 NW St Helen's Hwy
Portland, OR 97231
(45.650996588000055, -122.85056967999998)"
NARA Tate Tapo - Adult Mental Health Treatment,1310 SW 17th Ave,,97201,Multnomah,Oregon,503-231-2641,http://www.naranorthwest.org/homepage_files/Page938.htm,Yes,No,FQHC/IHS,"1310 SW 17th Ave
Portland, OR 97201
(45.51748182800003, -122.69147875099998)"
NARA Totem Lodge,1438 SE Division,,97202,Multnomah,Oregon,503-548-0346,http://www.naranorthwest.org/homepage_files/Page634.htm,Yes,No,FQHC/IHS,"1438 SE Division
Portland, OR 97202
(45.50484244900008, -122.65099909099996)"
National College of Natural Medicine Main Clinic,3025 SW Corbett Ave,,97201,Multnomah,Oregon,503-552-1551,http://ncnm-clinic.com/,,Yes,,
New Avenues for Youth,812 SW 10th Ave,,97205,Multnomah,Oregon,503-517-3918,http://www.newavenues.org/,No,No,FQHC,"812 SW 10th Ave
Portland, OR 97205
(45.51920218500004, -122.68252782599995)"
Newport HS,322 NE Eads St,,97365,Lincoln,Oregon,541-265-9281,http://www.lincolncountyhealth.com/HC/SBHCPageNew.htm,Yes,No,FQHC/SBHC,"322 NE Eads St
Newport, OR 97365
(44.63823088500004, -124.04664052099997)"
Newport Primary Care Clinic,1010 SW Coast Hwy,Suite 203,97365,Lincoln,Oregon,541-265-4947,http://www.lincolncountyhealth.com/HC/LCHClocations.htm,Yes,No,FQHC,"1010 SW Coast Hwy
Newport, OR 97365
(44.62712053900003, -124.06140229599998)"
NHC Milwaukie Clinic,10330 SE 32nd Ave,Suite 325,97222,Clackamas,Oregon,503-416-1960,,,,,
North Bend Medical Center - Bandon,110 East 10th Street,,97411,Coos,Oregon,541-347-2313,http://www.nbmconline.com,Yes,No,RHC,"110 East 10th Street
Bandon, OR 97411
(43.109869057000026, -124.40190581799999)"
North Bend Medical Center-Gold Beach,94180 2nd St,,97444,Curry,Oregon,541-247-7047,http://www.nbmconline.com,No,No,RHC,"94180 2nd St
Gold Beach, OR 97444
(42.41313206600006, -124.42015958499996)"
North by Northeast Community Health Center,"3030 NE Martin Luther King, Jr. Blvd.",,97212,Multnomah,Oregon,503-287-4932,http://nxneclinic.org,,Yes,,
Northeast Health Center,5329 NE Martin Luther King Blvd,,97211,Multnomah,Oregon,503-988-5183,http://web.multco.us/health/primary-care-clinics,Yes,No,FQHC,"5329 NE Martin Luther King Blvd
Portland, OR 97211
(45.56258098600006, -122.66145835299994)"
North Eugene HS,200 Silver Ln,,97404,Lane,Oregon,541-790-4445,http://www.4j.lane.edu/instruction/ess/health-services/,No,No,SBHC,"200 Silver Ln
Eugene, OR 97404
(44.09557183000004, -123.132609103)"
North Portland Health Center,9000 N Lombard St,,97203,Multnomah,Oregon,503-988-5304,http://web.multco.us/health/primary-care-clinics,Yes,No,FQHC,"9000 N Lombard St
Portland, OR 97203
(45.59242739000007, -122.75712194199997)"
Oak Street Health Care Center,446 Oak St,,97415,Curry,Oregon,541-412-8898 ,,No,No,RHC,"446 Oak St
Brookings, OR 97415
(42.05471435100003, -124.27892306399997)"
OHSU Family Medicine at Scappoose,51377 Old Portland Rd,,97056,Columbia,Oregon,503-418-4222,http://www.ohsu.edu/xd/health/services/clinics/index.cfm?placeid=FamilyMedicineatScappoose,Yes,Yes,RHC,"51377 Old Portland Rd
Scappoose, OR 97056
(45.741065983000055, -122.87976851399998)"
OHSU Hospital,3181 SW Sam Jackson Park Road,,97239,Multnomah,Oregon,503-494-8311,http://www.ohsu.edu/xd/,No,No,Hospital,"3181 SW Sam Jackson Park Road
Portland, OR 97239
(45.49975206100004, -122.68509480899996)"
Old Town Clinic CCC,727 W Burnside,,97209,Multnomah,Oregon,503-228-4533,http://www.centralcityconcern.org/,Yes,Yes,FQHC,"727 W Burnside
Portland, OR 97209
(45.52305464800003, -122.67778427099995)"
Old Town Recovery Center CCC,33 NW Broadway,,97209,Multnomah,Oregon,503-228-7134,http://www.centralcityconcern.org/contact.html,Yes,No,FQHC,"33 NW Broadway
Portland, OR 97209
(45.523428755000054, -122.67750848699995)"
One Community Health (formerly La Clinica del Carino),1040 Webber St,,97058,Wasco,Oregon,541-386-6380,http://www.onecommunityhealth.org/,Yes,No,FQHC,"1040 Webber St
The Dalles, OR 97058
(45.60700680200006, -121.20622689199996)"
One Community Health (formerly La Clinica Del Cariño),849 Pacific Ave,,97031,Hood River,Oregon,,http://www.onecommunityhealth.org/,Yes,Yes,FQHC,"849 Pacific Ave
Hood River, OR 97031
(45.69656140200004, -121.51959892699995)"
Oregon City HS,19761 S Beavercreek Rd,,97045,Clackamas,Oregon,503-785-8770,http://www.ochs.orecity.k12.or.us/departments/health,Yes,No,FQHC/SBHC,"19761 S Beavercreek Rd
Oregon City, OR 97045
(45.32133580900006, -122.55988931999997)"
Outside In Medical Clinic,1132 SW 13th Ave,,97205,Multnomah,Oregon,503-535-3890,http://www.outsidein.org/,Yes,Yes,FQHC,"1132 SW 13th Ave
Portland, OR 97205
(45.51768347800004, -122.686817771)"
Parkrose HS,12003 NE Shaver St,,97220,Multnomah,Oregon,503-988-3392,http://osbha.org/centers/parkrosehighschool,Yes,Yes,FQHC,"12003 NE Shaver St
Portland, OR 97220
(45.551756451000074, -122.538738035)"
Parkrose Neighborhood Health Access,11717 NE Shaver St,,97220,Multnomah,Oregon,503-988-3976,http://freeclinicdirectory.org/detail/parkrose_neighborhood_health_access_center_portland_or.html,No,No,FQHC,"11717 NE Shaver St
Portland, OR 97220
(45.55178603600007, -122.54173572499997)"
Parkrose School District (6 sub-sites),10636 NE Prescott St,,97220,Multnomah,Oregon,503-408-2100,http://www.parkrose.k12.or.us/,No,No,FQHC/SBHC,"10636 NE Prescott St
Portland, OR 97220
(45.55536194100006, -122.55293990899997)"
Peace Harbor Hospital,400 9th Street,,97439,Lane,Oregon,541) 997-8412 ,http://www.peacehealth.org/peace-harbor/Pages/default.aspx,No,No,Hospital,"400 9th Street
Florence, OR 97439
(43.97457090900008, -124.11762643099996)"
Peacehealth Medical Group - Dexter,38843 Dexter Rd,,97431,Lane,Oregon,541-767-5200,http://www.peacehealth.org/phmg/cottage-grove/locations/dexter/Pages/Default.aspx,Yes,No,RHC,"38843 Dexter Rd
Dexter, OR 97431
(43.915926486000046, -122.82217746799995)"
"Pediatric Specialists of Pendleton, LLC",1600 SE Court Pl,Suite L01,97801,Umatilla,Oregon,541-276-0250,http://www.pediatricspecialistsofpendleton.com/,No,No,RHC,"1600 SE Court Pl
Pendleton, OR 97801
(45.67415182500008, -118.76966915699995)"
Pendleton HS,1800 NW Carden Ave,,97801,Umatilla,Oregon,541-966-3857,http://hs.pendleton.k12.or.us/health_center,No,No,SBHC,"1800 NW Carden Ave
Pendleton, OR 97801
(45.673603068000034, -118.80517546299996)"
Pendleton Primary Care Office,1100 Southgate,Suite 9,97801,Umatilla,Oregon,541-966-6916,,,,,
Phoenix ES ,215 N Rose St,,97535,Jackson,Oregon,541-535-1065,http://www.laclinicahealth.org/Page.asp?NavID=32,No,Yes,SBHC,"215 N Rose St
Phoenix, OR 97535
(42.273307276000025, -122.81958137799995)"
Pine Eagle Clinic,218 N Pine St,,97834,Baker,Oregon,503-742-5023,http://www.ohsu.edu/xd/outreach/oregon-rural-health/clinics/clinics-directory/rhc-directory-city-name.cfm#CP_JUMP_1328008,Yes,No,RHC,"218 N Pine St
Halfway, OR 97834
(44.87934798200007, -117.11304224899999)"
Pine Eagle Clinic,218 N Pine St,PO Box 647,97834,Baker,Oregon,541-742-5023,http://pineeagleclinic.org/,,,,
Pioneer Memorial Clinic,130 Thompson Ave,,97836,Morrow,Oregon,541-676-5504,http://www.morrowcountyhealthdistrict.org/facilities/pioneer-memorial-clinic,Yes,No,RHC,"130 Thompson Ave
Heppner, OR 97836
(45.354677808000076, -119.54833680799999)"
Pioneer Memorial Hospital (Heppner),564 E Pioneer Drive,,97836,Morrow,Oregon,541-676-9133,http://www.morrowcountyhealthdistrict.org/facilities/pioneer-memorial-hospital-nursing-facility,Yes,No,Hospital,"564 E Pioneer Drive
Heppner, OR 97836
(45.356362871000044, -119.54899767899997)"
Pioneer Memorial Hospital (Prineville),1201 NE Elm Street,,97754,Crook,Oregon,541-447-6254,http://www.stcharleshealthcare.org/Our-Locations/Prineville,No,No,Hospital,"1201 NE Elm Street
Prineville, OR 97754
(44.30960932900007, -120.84257805099998)"
Portland Early Intervention Program,2600 SE 71st Ave,,97206,Multnomah,Oregon,503-988-3976,http://web.multco.us/,No,No,FQHC,"2600 SE 71st Ave
Portland, OR 97206
(45.50393675600003, -122.58976035399996)"
Portland Public Schools (102 sub-sites),501 N Dixon St,,97227,Multnomah,Oregon,503-916-2000,http://www.pps.k12.or.us/,Yes,No,FQHC,"501 N Dixon St
Portland, OR 97227
(45.53483519200006, -122.67116287099998)"
Powers HS,430 4th Ave,,97466,Coos,Oregon,541-439-8905,http://wfall.org/hours/powers/index.html,No,No,FQHC/SBHC,"430 4th Ave
Powers, OR 97466
(42.88100687800005, -124.06883231599994)"
PPS ECEC,531 SE 14th Ave,,97214,Multnomah,Oregon,503-988-3976,http://web.multco.us/,No,No,FQHC,"531 SE 14th Ave
Portland, OR 97214
(45.51888069800003, -122.65162823699995)"
PPS Head Start (5 sub-sites),4800 NE 74th Ave,,97218,Multnomah,Oregon,503-916-5724,http://www.pps.k12.or.us/departments/head-start/,No,No,FQHC,"4800 NE 74th Ave
Portland, OR 97218
(45.55775983900003, -122.58672020199998)"
Providence Hood River Memorial Hospital,811 13th Street,,97031,Hood River,Oregon,541-38633911,http://oregon.providence.org/patients/facilities/providence-hood-river-memorial-hospital/Pages/default.aspx,No,No,Hospital,"811 13th Street
Hood River, OR 97031
(45.704491405000056, -121.52509992099999)"
Providence Medford Medical Center,1111 Crater Lake Avenue,,97504,Jackson,Oregon,541-732-5000,http://oregon.providence.org/location-directory/p/providence-medford-medical-center/,No,No,Hospital,"1111 Crater Lake Avenue
Medford, OR 97504
(42.33977198400004, -122.86109104999997)"
Providence Milwaukie Hospital,10150 SE 32nd Avenue,,97222,Clackamas,Oregon,541-513-8300,http://oregon.providence.org/location-directory/p/providence-milwaukie-hospital/,No,No,Hospital,"10150 SE 32nd Avenue
Milwaukie, OR 97222
(45.45052155600007, -122.62975519999998)"
Providence Newberg Hospital,1001 Providence Drive,,97132,Yamhill,Oregon,503-537-1555,http://oregon.providence.org/location-directory/p/providence-newberg-medical-center/,No,No,Hospital,"1001 Providence Drive
Newberg, OR 97132
(45.30843947100004, -122.93390847499995)"
Providence Portland Medical Center,4805 NE Glisan Street,,97213,Multnomah,Oregon,503-215-1111,http://oregon.providence.org/location-directory/p/providence-portland-medical-center/,No,No,Hospital,"4805 NE Glisan Street
Portland, OR 97213
(45.526536459000056, -122.61466303599997)"
Providence Seaside Hospital,725 S Wahanna Road,,97138,Clatsop,Oregon,541-717-7000,http://oregon.providence.org/location-directory/p/providence-seaside-hospital/,No,No,Hospital,"725 S Wahanna Road
Seaside, OR 97138
(45.989325817000065, -123.91480087899998)"
Providence St. Vincent Medical Center,9205 SW Barnes Road,,97225,Multnomah,Oregon,503-216-1234,http://oregon.providence.org/location-directory/p/providence-st-vincent-medical-center/,No,No,Hospital,"9205 SW Barnes Road
Portland, OR 97225
(45.508936506000055, -122.77140562699998)"
Providence Willamette Falls Medical Center,1500 Division Street,,97045,Clackamas,Oregon,503-656-1631,http://oregon.providence.org/location-directory/p/providence-willamette-falls-medical-center/,No,No,Hospital,"1500 Division Street
Oregon City, OR 97045
(45.356368633000045, -122.58835068099995)"
Puentes CCC,231 SE 12th Ave,,97214,Multnomah,Oregon,503-546-9975,http://www.centralcityconcern.org/changing-lives/puentes.html,No,No,FQHC,"231 SE 12th Ave
Portland, OR 97214
(45.520980156000064, -122.65368851699998)"
Rainier Health Center,28168 Old Rainier Rd,,97048,Columbia,Oregon,503-556-2178,http://osbha.org/ceners/rainierhealthcenter,,Yes,SBHC,
Rainier School Based Health Center,28168 Old Rainier Rd,,97048,Columbia,Oregon,503-556-2178,http://www.rainier.k12.or.us/node/42,No,No,SBHC,"28168 Old Rainier Rd
Rainier, OR 97048
(46.09565305600006, -122.98816135899995)"
Redmond  HS,675 SW Rimrock Dr,,97756,Deschutes,Oregon,541-923-8920,http://www.deschutes.org/Health-Services/Public-Health/School-Based-Health-Center.aspx,No,No,SBHC,"675 SW Rimrock Dr
Redmond, OR 97756
(44.27081200100008, -121.19034131199999)"
Reedsport Medical Clinic,385 Ranch Rd,,97467,Douglas ,Oregon,541-271-2119,http://www.lowerumpquahospital.org/reedsport-medical-clinic-rmc/,,,,
Reynolds School District (24 sub-sites),1204 NE 201st Ave,,97024,Multnomah,Oregon,503-661-7200,http://www.reynolds.k12.or.us/,Yes,No,FQHC,"1204 NE 201st Ave
Fairview, OR 97024
(45.53175691200005, -122.45649805999994)"
Rinehart Clinic,230 Rowe St,,97147,Tillamook,Oregon,541-368-5182,http://www.rinehartclinic.org/,Yes,Yes,FQHC,"230 Rowe St
Wheeler, OR 97147
(45.68643719000005, -123.88389419399999)"
Riverstone Clinic CHC,2073 Olympic St,,97477,Lane,Oregon,541-682-3550,http://www.lanecounty.org/Departments/HHS/CHC/Pages/locations.aspx#riverstone,Yes,Yes,FQHC,"2073 Olympic St
Springfield, OR 97477
(44.05965174900007, -122.99467981799995)"
Rockwood Community Health Center,2020 SE 182nd Ave,,97233,Multnomah,Oregon,503-988-5400,http://web.multco.us/health/primary-care-clinics,Yes,No,FQHC,"2020 SE 182nd Ave
Portland, OR 97233
(45.50755953000004, -122.47561027599994)"
Roosevelt HS,6941 N Central St,,97203,Multnomah,Oregon,503-988-5907,http://www.pps.k12.or.us/schools/roosevelt/,Yes,Yes,FQHC/SBHC,"6941 N Central St
Portland, OR 97203
(45.588616794000075, -122.73932264499996)"
Roseburg HS,400 W Harvard St,,97470,Douglas,Oregon,541-440-4171,http://osbha.org/centers/roseburghighschool,No,No,FQHC/SBHC,"400 W Harvard St
Roseburg, OR 97470
(43.21305334500005, -123.35307814599997)"
Rose City Urgent Care and Family Practice - Lombard,6110 N Lombard St,,97203,Multnomah,Oregon,503-894-9005,http://www.rosecitymed.com/,,Yes,,
Rosewood Family Health Center,8935 SE Powell Blvd,,97266,Multnomah,Oregon,503-772-4335,http://www.yvfwc.com/rosewood-family-health-center-portland/,Yes,No,FQHC,"8935 SE Powell Blvd
Portland, OR 97266
(45.49741714500004, -122.57082908399997)"
Sacred Heart Medical Center,1255 Hilyard Street,,97401,Lane,Oregon,541-686-7300,http://www.peacehealth.org/sacred-heart-university-district/Pages/default.aspx,No,No,Hospital,"1255 Hilyard Street
Eugene, OR 97401
(44.04601576300007, -123.08208360999998)"
Sacred Heart Medical Center at Riverbend,3333 RiverBend Drive,,97477,Lane,Oregon,541-222-7300,http://www.peacehealth.org/sacred-heart-riverbend/Pages/default.aspx,No,No,Hospital,"3333 RiverBend Drive
Springfield, OR 97477
(44.08263516200003, -123.02805681299998)"
Saint Francis Dining Hall,330 SE 11th Ave,,97214,Multnomah,Oregon,503-234-2028,http://www3.multco.us/countyproperties/BuildingGeneralInformation.aspx?bldgnbr=447,No,No,FQHC,"330 SE 11th Ave
Portland, OR 97214
(45.52037866500007, -122.65461034199996)"
Salem Hospital,690 Oak St SE,,97301,Marion,Oregon,503-561-5200,http://www.salemhealth.org/,No,No,Hospital,"690 Oak St SE
Salem, OR 97301
(44.931757108000056, -123.02871415899995)"
Salud Medical Center,1175 Mount Hood Ave,,97071,Marion,Oregon,503-982-2000,http://www.yvfwc.com/salud-medical-center-woodburn/,Yes,No,FQHC,"1175 Mount Hood Ave
Woodburn, OR 97071
(45.15160700200005, -122.84196790899995)"
Samaritan Albany General Hospital,1046 Sixth Avenue SW,,97321,Linn,Oregon,541-812-4000,http://www.samhealth.org/locations/samaritanalbanygeneralhospital/Pages/default.aspx,No,No,Hospital,"1046 Sixth Avenue SW
Albany, OR 97321
(44.63209152700006, -123.11622595999995)"
Samaritan Coastal Clinic,825 NW Hwy 101,,97367,Lincoln,Oregon,541-996-7480,http://www.samhealth.org/locations/medical-clinics/Pages/samaritancoastalclinic2.aspx,No,No,RHC,"825 NW Hwy 101
Lincoln City, OR 97367
(44.97168280600005, -124.01432362499997)"
Samaritan Lebanon Community Hospital,525 N Santiam Hwy,,97355,Linn,Oregon,541-258-210,http://www.samhealth.org/locations/samaritanlebanoncommunityhospital/Pages/default.aspx,No,No,Hospital,"525 N Santiam Hwy
Lebanon, OR 97355
(44.550092849000066, -122.90816534699997)"
Samaritan North Lincoln Hospital,3043 NE 28th Street,,97367,Lincoln,Oregon,541-994-3661,http://www.samhealth.org/locations/samaritannorthlincolnhospital/Pages/default.aspx,No,No,Hospital,"3043 NE 28th Street
Lincoln City, OR 97367
(44.98519630900006, -123.99632331699996)"
Samaritan Pacific Communities Hospital,930 SW Abbey,,97365,Lincoln,Oregon,541-265-2244,http://www.samhealth.org/locations/samaritanpacificcommunitieshospital/Pages/default.aspx,No,No,Hospital,"930 SW Abbey
Newport, OR 97365
(44.62978235500003, -124.05905866199998)"
Sandy HS,37400 SE Bell St,,97055,Clackamas,Oregon,503-668-3493,http://oregontrailschools.com/shs/about-sandy-high/school-based-health-center/,No,No,FQHC/SBHC,"37400 SE Bell St
Sandy, OR 97055
(45.40745159000005, -122.27746965699998)"
Santiam Memorial Hospital,1401 North Tenth Avenue,,97383,Marion,Oregon,503-769-2175,http://santiamhospital.org/,No,No,Hospital,"1401 North Tenth Avenue
Stayton, OR 97383
(44.80472984600004, -122.78418788899995)"
Shady Cove Clinic,21990 Hwy 62,,97539,Jackson,Oregon,541-878-2022,http://www.shadycovemedical.com/,Yes,No,RHC,"21990 Hwy 62
Shady Cove, OR 97539
(42.61746504800004, -122.81083786299996)"
Sheldon HS,2455 Willakenzie Rd,,97401,Lane,Oregon,541-790-6644,http://www.4j.lane.edu/instruction/ess/health-services/,No,No,SBHC,"2455 Willakenzie Rd
Eugene, OR 97401
(44.08043660800007, -123.07278723999997)"
Siletz Community Health Clinic,200 Gwee-Shut Rd,,97380,Lincoln,Oregon,541-444-1030,http://www.ctsi.nsn.us/Siletz-Tribal-Services-Umpqua-Clackamas-County-Tillamook/healthcare/community-health,Yes,No,Tribal,"200 Gwee-Shut Rd
Siletz, OR 97380
(44.72154201200004, -123.90589736299995)"
Silverton Hospital,342 Fairview St,,97381,Marion,Oregon,503-873-1500,http://silvertonhealth.org/locations/silverton-hospital,No,No,Hospital,"342 Fairview St
Silverton, OR 97381
(45.003559530000075, -122.79070058599996)"
Siskiyou CHC - Cave Junction,25647 Redwood Hwy,,97523,Josephine,Oregon,541-472-4777,http://www.siskiyouhealthcenter.com/locations/,Yes,Yes,FQHC,"25647 Redwood Hwy
Cave Junction, OR 97523
(42.17524463700005, -123.64526273899997)"
Siskiyou CHC - Dental Office,1035 NE 6th St,Suite B,97526,Josephine,Oregon,541-472-4777,http://www.siskiyouhealthcenter.com/locations/,Yes,No,FQHC,"1035 NE 6th St
Grants Pass, OR 97526
(42.448860868000054, -123.32251205999995)"
Siskiyou CHC - Grants Pass,1701 NW Hawthorne Ave,,97526,Josephine,Oregon,541-471-3455,http://www.siskiyouhealthcenter.com/locations/,Yes,Yes,FQHC,"1701 NW Hawthorne Ave
Grants Pass, OR 97526
(42.459029755000074, -123.32745189199994)"
"Siskiyou Pediatric Clinic, LLP",700 SW Ramsey,Suite 204,97527,Josephine,Oregon,541-955-5683,http://www.siskiyoupediatricclinic.com/,No,Yes,RHC,"700 SW Ramsey
Grants Pass, OR 97527
(42.41977497000005, -123.34482138799996)"
Sisters HS,1701 W McKinney Ranch Rd,,97759,Deschutes,Oregon,541-549-3183,http://www.deschutes.org/Health-Services/Public-Health/School-Based-Health-Center.aspx,No,No,SBHC,"1701 W McKinney Ranch Rd
Sisters, OR 97759
(44.29878577900007, -121.57105322199999)"
Sky Lakes Medical Center,2865 Daggett,,97601,Klamath,Oregon,541-882-6311,http://skylakes.org/,No,No,Hospital,"2865 Daggett
Klamath Falls, OR 97601
(42.252616904000035, -121.78669785199997)"
Sobering Station with CHIERS CCC,51 NE Grand Ave,,97232,Multnomah,Oregon,503-238-8132,http://www.centralcityconcern.org/changing-lives/sobering_station.html,No,No,FQHC,"51 NE Grand Ave
Portland, OR 97232
(45.52330309700005, -122.66075616799998)"
Southeast Dental Clinic,3653 SE 34th Ave,,97202,Multnomah,Oregon,503-988-4410,http://web.multco.us/health/primary-care-clinics,Yes,No,FQHC,"3653 SE 34th Ave
Portland, OR 97202
(45.496415797000054, -122.62933023799997)"
Southern Coos Hospital and Health Center,900 11th Street SE,,97411,Coos,Oregon,541-347-2426,http://www.southerncoos.org/,No,No,Hospital,"900 11th Street SE
Bandon, OR 97411
(43.11322162300007, -124.40237987699999)"
South Eugene HS,400 E 19th Ave,,97401,Lane,Oregon,541-790-8020,http://www.4j.lane.edu/instruction/ess/health-services/,No,No,SBHC,"400 E 19th Ave
Eugene, OR 97401
(44.03891350500004, -123.08582257499995)"
South Gilliam Health Center,422 N Main,,97823,Gilliam,Oregon,541) 384-2061,http://www.condonchamber.org/moving_healthcare.htm,Yes,No,RHC,"422 N Main
Condon, OR 97823
(45.24038052900005, -120.18487263099996)"
Springfield HS ,1050 10th St,,97477,Lane,Oregon,541-744-4130,http://www.springfield.k12.or.us/healthservices,No,No,FQHC/SBHC,"1050 10th St
Springfield, OR 97477
(44.05428147600003, -123.01260632499998)"
Springfield Outreach Office - Conf. Tribes of Coos/L. Umpqua & Siuslaw,1126 Gateway Loop,Suite 102,97477,Lane,Oregon,541-744-1334,http://www.npaihb.org/member_tribes/tribe/coos_siuslaw_and_lower_umpqua_tribes/,Yes,No,Tribal,"1126 Gateway Loop
Springfield, OR 97477
(44.07998721800004, -123.04407929099995)"
St. Alphonsus Medical Center,3325 Pocahantas Road,,97801,Baker,Oregon,541-523-6461 ,http://www.saintalphonsus.org/bakercity,No,No,Hospital,"3325 Pocahantas Road
Baker City, OR 97801
(44.796146477000036, -117.84768843299997)"
St. Alphonsus Medical Center-Ontario,351 SW 9th Street,,97914,Malheur,Oregon,541-881-7000,http://www.saintalphonsus.org/ontario,No,No,Hospital,"351 SW 9th Street
Ontario, OR 97914
(44.02515473600005, -116.97566085899996)"
St Alphonsus Medical Group-Baker City,3325 Pocahontas Rd,,97814,Baker,Oregon,541-523-6461,http://www.saintalphonsus.org/bakercity,No,No,RHC,"3325 Pocahontas Rd
Baker City, OR 97814
(44.79614188900007, -117.84815943099994)"
St. Anthony Hospital,1601 SE Court Avenue,,97801,Umatilla,Oregon,541) 276-5121,http://www.sahpendleton.org/,No,No,Hospital,"1601 SE Court Avenue
Pendleton, OR 97801
(45.67304612500004, -118.76929837299997)"
St Anthony Hospital We Care Clinic,1312 SW 2nd St,,97801,Umatilla,Oregon,541-278-8183 ,http://www.sahpendleton.org/,No,No,RHC,"1312 SW 2nd St
Pendleton, OR 97801
(45.66123245800003, -118.78491171599995)"
"Stark Medical Group, PC",932 West Idaho Ave,Suite 100,97914,Malheur,Oregon,541-889-2244,http://www.saintalphonsus.org/body_medicalgroup.cfm?id=1381&action=detail&ref=4254,,Yes,,
St. Charles Family Care - Prineville,1103 NE Elm St,,97754,Crook,Oregon,541-447-6263,https://www.stcharleshealthcare.org/Our-Locations/Prineville,Yes,Yes,RHC,"1103 NE Elm St
Prineville, OR 97754
(44.31011676600008, -120.84258323199998)"
St. Charles Madras,470 NE A Street,,97741,Jefferson,Oregon,541-475-3882,https://www.stcharleshealthcare.org/Our-Locations/Madras,No,No,Hospital,"470 NE A Street
Madras, OR 97741
(44.63741737400005, -121.12071929299998)"
St. Charles Medical Center,2500 NE Neff Road,,97701,Deschutes,Oregon,541-382-4321,http://www.stcharleshealthcare.org/Our-Locations/Bend,No,Yes,Hospital,"2500 NE Neff Road
Bend, OR 97701
(44.065796868000064, -121.26651981499998)"
St. Charles Medical Center (Redmond),1253 N Canal Boulevard,,97756,Deschutes,Oregon,541-548-8131,http://www.stcharleshealthcare.org/Our-Locations/Redmond,No,Yes,Hospital,"1253 N Canal Boulevard
Redmond, OR 97756
(44.28757194000008, -121.16901718499997)"
St Luke's Clinic-Eastern Oregon Medical Associates,3950 17th St,Suite A,97814,Baker,Oregon,541-523-1001,http://www.stlukesonline.org/clinic/family_medicine,Yes,No,RHC,"3950 17th St
Baker City, OR 97814
(44.79508063800006, -117.84987056899996)"
Strawberry Wilderness Community Clinic,180 Ford Rd,,97845,Grant,Oregon,541-575-0404,http://www.bluemountainhospital.org/getpage.php?name=RHC-SWCC,Yes,Yes,RHC,"180 Ford Rd
John Day, OR 97845
(44.41769331900008, -118.95876658099996)"
Sunnyside Health & Wellness Center,9775 SE Sunnyside Rd,,97015,Clackamas,Oregon,503-655-8471,http://www.clackamas.us/healthcenters/sunnyside.html,No,No,FQHC,"9775 SE Sunnyside Rd
Happy Valley, OR 97015
(45.43347702700004, -122.562820725)"
Sunridge MS,700 SW Runnion Ave,,97801,Umatilla,Oregon,541-966-3432,http://sms.pendleton.k12.or.us/Health_Center,No,No,SBHC,"700 SW Runnion Ave
Pendleton, OR 97801
(45.65119182900003, -118.79039660299998)"
Sunrise Family Clinic,320 SE Baker St,,97128,Yamhill,Oregon,503-474-3600,http://www.sunrisefamilyclinic.com,,Yes,,
Taft MS/HS,3780 SE Spyglass Ridge Dr,,97367,Lincoln,Oregon,541-996-2311,http://www.lincolncountyhealth.com/HC/SBHCPageNew.htm,No,No,FQHC/SBHC,"3780 SE Spyglass Ridge Dr
Lincoln City, OR 97367
(44.939022530000045, -124.01545055699995)"
The Wallace Medical Concern,124 NE 181st Ave,Suite 103,97230,Multnomah,Oregon,503-489-1760,http://www.wallacemedical.org/contact-us,Yes,Yes,FQHC,"124 NE 181st Ave
Portland, OR 97230
(45.52325936900007, -122.47708980599998)"
The Women's Center,1815 E 19th St,,97058,Wasco,Oregon,541-506-6931,http://www.mcmc.net/,No,No,RHC,"1815 E 19th St
The Dalles, OR 97058
(45.58812056000005, -121.16372086099994)"
Tillamook County Cloverdale Clinic,34335 Hwy 101 South,,97112,Tillamook,Oregon,503-355-2700,http://www.co.tillamook.or.us/gov/Health/default.htm,Yes,No,FQHC,"34335 Hwy 101 South
Cloverdale, OR 97112
(45.206811671000025, -123.888454121)"
Tillamook County General Hospital,1000 Third St,,97141,Tillamook,Oregon,503-842-4444,http://www.tillamookregionalmc.org/,No,No,Hospital,"1000 Third St
Tillamook, OR 97141
(45.45634636400007, -123.85500914099998)"
Tillamook County Health Department,801 Pacific Ave,,97141,Tillamook,Oregon,503-842-3900,http://www.co.tillamook.or.us/gov/Health/default.htm,Yes,No,FQHC,"801 Pacific Ave
Tillamook, OR 97141
(45.45231913900005, -123.84311067899995)"
Tillamook County Rockaway Beach Clinic,276 S Hwy 101,,97136,Tillamook,Oregon,503-355-2700,http://www.co.tillamook.or.us/gov/Health/default.htm,No,No,FQHC,"276 S Hwy 101
Rockaway Beach, OR 97136
(45.61003310400008, -123.94435131199998)"
Toledo HS,1800 NE Sturdevant Rd,,97391,Lincoln,Oregon,541-336-5419,http://www.lincolncountyhealth.com/HC/SBHCPageNew.htm,Yes,No,FQHC/SBHC,"1800 NE Sturdevant Rd
Toledo, OR 97391
(44.63295689100005, -123.92333138699996)"
Total Health Community Clinic,180 Atwater St N,,97361,Polk,Oregon,503-606-3288,,Yes,Yes,FQHC,"180 Atwater St N
Monmouth, OR 97361
(44.84938076600008, -123.22327639799994)"
Treasure Valley Pediatric Clinic,1219 SW 4th Ave,Suite 1,97914,Malheur,Oregon,541-889-2668,http://tvpcweb.net/,No,No,RHC,"1219 SW 4th Ave
Ontario, OR 97914
(44.02480981100007, -116.98140765599999)"
Tuality Healthcare,355 SE 8th Avenue,,97123,Washington,Oregon,503-681-1111,http://www.tuality.org/home/,No,Yes,Hospital,"355 SE 8th Avenue
Hillsboro, OR 97123
(45.51939475300003, -122.97731190399998)"
Umpqua Community Health Center - Drain,316 W A Ave,,97435,Douglas,Oregon,541-836-7155,http://www.umpquachc.org,Yes,No,FQHC,"316 W A Ave
Drain, OR 97435
(43.66215715700008, -123.31784877499996)"
Umpqua Community Health Center - Glide,20170 N Umpqua Hwy,,97443,Douglas,Oregon,541-496-3504,http://www.umpquachc.org,Yes,No,FQHC,"20170 N Umpqua Hwy
Glide, OR 97443
(43.30761953000007, -123.077339215)"
Umpqua Community Health Center - Myrtle Creek,790 S Main St,,97457,Douglas,Oregon,541-860-4070,http://www.umpquachc.org,Yes,No,FQHC,"790 S Main St
Myrtle Creek, OR 97457
(43.01675719900004, -123.29358287299999)"
Umpqua Community Health Center - Roseburg,150 Kenneth Ford Dr,,97470,Douglas,Oregon,541-672-9596,http://www.umpquachc.org,Yes,No,FQHC,"150 Kenneth Ford Dr
Roseburg, OR 97470
(43.26196015000005, -123.34956062499998)"
"Umpqua Regional Medical Center, LLC",1813 W. Harvard Ave,Suite 201,97471,Douglas,Oregon,541-672-9595,http://www.umpquachc.org/,No,No,RHC,"1813 W. Harvard Ave
Roseburg, OR 97471
(43.21370175000004, -123.37133193599999)"
Union School District,540 S Main St,,97883,Union,Oregon,541-562-5278,http://osbhcn.org/node/983,No,No,SBHC,"540 S Main St
Union, OR 97883
(45.212280401000044, -117.86553814499996)"
UrgentCare NW Astoria PC,2120 Exchange St,Suite 111,97103,Clatsop,Oregon,503) 325-0333,http://nwurgentcare.com,No,No,RHC,"2120 Exchange St
Astoria, OR 97103
(46.18855693000006, -123.81841036599997)"
Urgent Health Care Center,236 E Newport Ave,,97838,Umatilla,Oregon,541-567-1137,http://www.ohsu.edu/xd/outreach/oregon-rural-health/clinics/clinics-directory/rhc-directory-city-name.cfm#CP_JUMP_1328008,No,No,RHC,"236 E Newport Ave
Hermiston, OR 97838
(45.83864235900006, -119.28815910099996)"
Valley Family Health Care - Nyssa (Dental),17 N 6th St,,97913,Malheur,Oregon,541-372-2606,http://www.vfhc.org/en/locations,Yes,No,FQHC,"17 N 6th St
Nyssa, OR 97913
(43.87749904000003, -117.00009729899995)"
Valley Family Health Care - Nyssa (Medical),17 S 3rd St,,97913,Malheur,Oregon,541-372-5738,http://www.vfhc.org/en/locations,Yes,No,FQHC,"17 S 3rd St
Nyssa, OR 97913
(43.87615087000006, -116.99639732199995)"
Valley Family Health Care - Ontario (Dental/Medical),2327 SW 4th Ave,,97914,Malheur,Oregon,541-889-2340,http://www.vfhc.org/en/locations,Yes,No,FQHC,"2327 SW 4th Ave
Ontario, OR 97914
(44.02482633600005, -116.99726959899999)"
Valley Family Health Care - Vale (Medical),789 Washington W,,97918,Malheur,Oregon,541-473-2101,http://www.vfhc.org/en/locations,Yes,No,FQHC,"789 Washington W
Vale, OR 97918
(43.982612491000054, -117.24746800699995)"
Valley Medical Clinic,3820 17th St,,97814,Baker,Oregon,541-523-4465,http://www.saintalphonsus.org/baker-city-valley-medical-clinic,No,No,RHC,"3820 17th St
Baker City, OR 97814
(44.79443996900005, -117.84986019899998)"
Vernonia K-12,1000 Missouri Avenue,,97064,Columbia,Oregon,503-429-1399,http://www.tphfcc.org/home/public-health-services/school-based-health-centers/vernonia-school-based-health-center-1,No,No,SBHC,"1000 Missouri Avenue
Vernonia, OR 97064
(45.85853387100008, -123.17931694399999)"
VFHC - Emmett,207 E 12th St,,83655,Gem,Idaho,208-365-1065,http://www.vfhc.org/en/,,Yes,,
VFHC - New Plymouth,300 N Plymouth,,83655,Payette,Idaho,208-278-3335,http://www.vfhc.org/en/,,Yes,,
VFHC - Nyssa,17 S 3rd St,,97913,Malheur,Oregon,541-372-5738,http://www.vfhc.org/en/,,Yes,,
VFHC - Ontario,2327 SW 4th Ave,,97914,Malheur,Oregon,541-889-2340,http://www.vfhc.org/en/,,Yes,,
VFHC - Payette National,1441 NE 10th Avenue,,83661,Payette,Idaho,208-642-9376,http://www.vfhc.org/en/,,Yes,,
VFHC - Vale,789 Washington St W,,97918,Malheur,Oregon,541-473-2101,http://www.vfhc.org/en/,,Yes,,
Virginia Garcia - Century HS,1998 Century Blvd,,97123,Washington,Oregon,503-844-2840,http://www.virginiagarcia.org/locations/centuryHS.html,No,No,FQHC/SBHC,"1998 Century Blvd
Hillsboro, OR 97123
(45.50492979400008, -122.91659698099994)"
Virginia Garcia - Cornelius (Dental),44 N 11th Ave,,97113,Washington,Oregon,503-359-8505,http://www.virginiagarcia.org/locations/cornelius.html,Yes,Yes,FQHC,"44 N 11th Ave
Cornelius, OR 97113
(45.52029915700007, -123.05823046399996)"
Virginia Garcia - Cornelius (Vision),1151 N Adair St,,97113,Washington,Oregon,503-352-8543,http://www.virginiagarcia.org/locations/cornelius.html,Yes,Yes,FQHC,"1151 N Adair St
Cornelius, OR 97113
(45.52090578600007, -123.05762263599996)"
Virginia Garcia - Cornelius Wellness Center,1151 N Adair St,,97113,Washington,Oregon,503-359-5564,http://www.virginiagarcia.org/locations/cornelius.html,Yes,Yes,FQHC,"1151 N Adair St
Cornelius, OR 97113
(45.52090578600007, -123.05762263599996)"
Virginia Garcia - Forest Grove HS,1715 Nichols Lane,,97116,Washington,Oregon,503-359-4057,http://www.virginiagarcia.org/locations/forestgroveHS.html,No,No,FQHC/SBHC,"1715 Nichols Lane
Florence, OR 97116
(45.533815514000025, -123.11909456899997)"
Virginia Garcia - Hillsboro,226 SE 8th Ave,Suite 100,97123,Washington,Oregon,503-601-7400,http://www.virginiagarcia.org/locations/hillsboro.html,Yes,No,FQHC,"226 SE 8th Ave
Hillsboro, OR 97123
(45.520929455000044, -122.97721007299998)"
Virginia Garcia - Hillsboro (Dental),730 SE Oak St,Suite A & B,97123,Washington,Oregon,503-352-2354,http://www.virginiagarcia.org/locations/hillsboro.html,Yes,No,FQHC,"730 SE Oak St
Hillsboro, OR 97123
(45.51876201300007, -122.97842918699996)"
Virginia Garcia - McMinnville (Dental),115 NE May Lane,,97128,Yamhill,Oregon,503-883-4700,http://www.virginiagarcia.org/locations/mcminnville.html,Yes,No,FQHC,"115 NE May Lane
McMinnville, OR 97128
(45.201629860000025, -123.16075819599996)"
Virginia Garcia - McMinnville (Medical),115 NE May Lane,,97128,Yamhill,Oregon,503-472-1338,http://www.virginiagarcia.org/locations/mcminnville.html,Yes,No,FQHC,"115 NE May Lane
McMinnville, OR 97128
(45.201629860000025, -123.16075819599996)"
Virginia Garcia Memorial Health Center - Beaverton,2935 SW Cedar Hills Blvd,,97005,Washington,Oregon,503-352-6006,http://www.virginiagarcia.org/locations/beaverton.html,Yes,Yes,FQHC,"2935 SW Cedar Hills Blvd
Beaverton, OR 97005
(45.498724312000036, -122.80754212299996)"
Virginia Garcia -Tigard HS,9000 SW Durham Rd,Bldg 7110,97224,Washington,Oregon,503-431-5775,http://www.virginiagarcia.org/locations/tigardHS.html,Yes,No,FQHC/SBHC,"9000 SW Durham Rd
Tigard, OR 97224
(45.40426207400003, -122.76806977099994)"
Virginia Garcia - Willamina HS,1100 NE Oaken Hills Dr,,97396,Yamhill,Oregon,503-876-8564,http://www.virginiagarcia.org/locations/willamina.html,Yes,No,FQHC/SBHC,"1100 NE Oaken Hills Dr
Willamina, OR 97396
(45.08539688900004, -123.47709642699999)"
Wadatika Health Center - Burns Paiute Tribe,100 Pasigo St,,97720,Harney,Oregon,541-573-7312,http://www.npaihb.org/member_tribes/tribe/burns_paiute_tribe/,Yes,No,Tribal,"100 Pasigo St
Burns, OR 97720
(43.61095833600007, -119.06896423699999)"
Waldport HS,320 Lower Crestline Dr,,97394,Lincoln,Oregon,541-563-7666,http://www.lincolncountyhealth.com/HC/SBHCPageNew.htm,Yes,No,FQHC/SBHC,"320 Lower Crestline Dr
Waldport, OR 97394
(44.42745599300008, -124.05828419299996)"
Wallowa Memorial Hospital,601 Medical Parkway,,97828,Wallowa,Oregon,541-426-3111,http://www.wchcd.org/,No,Yes,Hospital,"601 Medical Parkway
Enterprise, OR 97828
(45.43243604600008, -117.28798622299996)"
Warm Springs Health & Wellness Center,1270 Kot-Num Rd,,97761,Jefferson,Oregon,541-553-1196,http://www.ihs.gov/portland/index.cfm?module=dsp_port_hf_warm_springs,Yes,No,IHS,"1270 Kot-Num Rd
Warm Springs, OR 97761
(44.75521280100003, -121.27241292699995)"
Waterfall Clinic,1890 Waite St,Suite 1,97459,Coos,Oregon,541-756-6232,http://wfall.org/,Yes,No,FQHC,"1890 Waite St
North Bend, OR 97459
(43.38862619500003, -124.23770958699998)"
Water's Edge Medical Clinic,551 Lone Pine Blvd,,97058,Wasco,Oregon,541-506-6920,http://www.mcmc.net/Clinics/InternalMed/WatersEdgeInternalMed.aspx,Yes,No,RHC,"551 Lone Pine Blvd
The Dalles, OR 97058
(45.60467848900004, -121.14076817099999)"
West Salem Dental Clinic,190 Kingwood Ave NW,,97304,Marion,Oregon,503-315-0712,http://www.northwesthumanservices.org/West-Salem-Dental-Clinic.html,Yes,No,FQHC,"190 Kingwood Ave NW
Salem, OR 97304
(44.94031654200006, -123.06053963699998)"
West Salem Medical Clinic,1233 Edgewater St NW,,97304,Marion,Oregon,503-378-7526,http://www.northwesthumanservices.org/West-Salem---Total-Health-Community-Clinics.html,Yes,Yes,FQHC,"1233 Edgewater St NW
Salem, OR 97304
(44.94026584200003, -123.05920068599994)"
West Salem Mental Health Clinic,1245 Edgewater St NW,,97304,Marion,Oregon,503-588-5816,http://www.northwesthumanservices.org/West-Salem-Mental-Health-Clinic.html,Yes,No,FQHC,"1245 Edgewater St NW
Salem, OR 97304
(44.94016960500005, -123.05943524199995)"
West Valley Community Hospital,525 SE Washington St,,97338,Polk,Oregon,503-623-8301,http://www.salemhealth.org/wvh/,No,No,Hospital,"525 SE Washington Street
Dallas, OR 97338
(44.919303531000025, -123.30939217899999)"
White Bird Medical Clinic,1400 Mill St,,97401,Lane,Oregon,541-484-4800,http://whitebirdclinic.org/,Yes,No,FQHC,"1400 Mill St
Eugene, OR 97401
(44.04409940100004, -123.08674713499994)"
White City Clinic - Community Health Center,8385 Division Rd,,97503,Jackson,Oregon,541-826-5853,http://www.communityhealthcenter.org/,Yes,No,FQHC,"8385 Division Rd
White City, OR 97503
(42.437796658000025, -122.83561422699995)"
Willamette Valley Medical Center,2700 SE Stratus Ave,,97128,Yamhill,Oregon,503-472-6131,http://www.wvmcweb.com/,No,No,Hospital,"2700 SE Stratus Avenue
McMinnville, OR 97128
(45.200009297000065, -123.166455569)"
Winding Waters Clinic PC-Enterprise,603 Medical Parkway,,97846,Wallowa,Oregon,541-426-4502 ,http://www.windingwatersclinic.org,No,Yes,RHC,"603 Medical Parkway
Enterprise, OR 97846
(45.43243112600004, -117.28800530799998)"
Woodburn Family Medicine,1390 Meridian Dr,,97071,Marion,Oregon,503.982-2174,http://silvertonhealth.org/locations/woodburn-family-medicine,No,Yes,FQHC,"1390 Meridian Dr
Woodburn, OR 97071
(45.151666920000025, -122.85419477099998)"
Woodburn Internal Medicine,693 Ray J Glatt Circle,,97071,Marion,Oregon,503-982-0403,http://silvertonhealth.org/,No,Yes,RHC,"693 Ray J Glatt Circle
Woodburn, OR 97071
(45.15136156600005, -122.85578491999996)"
Yamhill Carlton HS,120 Larch Place,,97148,Yamhill,Oregon,503-852-6960,http://www.ycsd.k12.or.us,No,No,SBHC,"120 Larch Place
Yamhill, OR 97148
(45.34174848100008, -123.18700832799999)"
Yellowhawk Tribal Health Center - Umatilla Conf. Tribes,73265 Confederated Way,,97801,Umatilla,Oregon,541-966-9830,http://yellowhawk.org/,Yes,No,Tribal,"73265 Confederated Way
Pendleton, OR 97801
(45.66368198200007, -118.66227984999995)"
